643,ok,1712055504395,0.0.1,49.822066; 24.057709
206,ok,1712055504395,0.0.1,49.822066; 24.057709
652,ok,1712055504395,0.0.1,49.822066; 24.057709
548,paused,1712055504395,0.0.1,49.822066; 24.057709
665,ok,1712055504395,0.0.1,49.822066; 24.057709
918,ok,1712055504395,0.0.1,49.822066; 24.057709
733,ok,1712055504395,0.0.1,49.822066; 24.057709
279,paused,1712055504395,0.0.1,49.822066; 24.057709
573,ok,1712055504395,0.0.1,49.822066; 24.057709
787,ok,1712055504395,0.0.1,49.822066; 24.057709
75,ok,1712055504395,0.0.1,49.822066; 24.057709
893,ok,1712055504395,0.0.1,49.822066; 24.057709
966,ok,1712055504395,0.0.1,49.822066; 24.057709
134,ok,1712055504395,0.0.1,49.822066; 24.057709
557,paused,1712055504395,0.0.1,49.822066; 24.057709
769,ok,1712055504395,0.0.1,49.822066; 24.057709
648,paused,1712055504395,0.0.1,49.822066; 24.057709
605,paused,1712055504395,0.0.1,49.822066; 24.057709
336,ok,1712055504395,0.0.1,49.822066; 24.057709
793,ok,1712055504395,0.0.1,49.822066; 24.057709
780,paused,1712055504395,0.0.1,49.822066; 24.057709
552,paused,1712055504395,0.0.1,49.822066; 24.057709
648,ok,1712055504395,0.0.1,49.822066; 24.057709
223,ok,1712055504395,0.0.1,49.822066; 24.057709
912,ok,1712055504395,0.0.1,49.822066; 24.057709
27,ok,1712055504395,0.0.1,49.822066; 24.057709
731,ok,1712055504395,0.0.1,49.822066; 24.057709
575,paused,1712055504395,0.0.1,49.822066; 24.057709
252,ok,1712055504395,0.0.1,49.822066; 24.057709
104,paused,1712055504395,0.0.1,49.822066; 24.057709
767,ok,1712055504395,0.0.1,49.822066; 24.057709
452,ok,1712055504395,0.0.1,49.822066; 24.057709
518,ok,1712055504395,0.0.1,49.822066; 24.057709
29,ok,1712055504395,0.0.1,49.822066; 24.057709
922,ok,1712055504395,0.0.1,49.822066; 24.057709
386,ok,1712055504395,0.0.1,49.822066; 24.057709
124,ok,1712055504395,0.0.1,49.822066; 24.057709
729,paused,1712055504395,0.0.1,49.822066; 24.057709
560,ok,1712055504395,0.0.1,49.822066; 24.057709
234,ok,1712055504395,0.0.1,49.822066; 24.057709
767,paused,1712055504395,0.0.1,49.822066; 24.057709
41,ok,1712055504395,0.0.1,49.822066; 24.057709
657,ok,1712055504395,0.0.1,49.822066; 24.057709
839,paused,1712055504395,0.0.1,49.822066; 24.057709
414,paused,1712055504395,0.0.1,49.822066; 24.057709
9,ok,1712055504395,0.0.1,49.822066; 24.057709
290,ok,1712055504395,0.0.1,49.822066; 24.057709
943,paused,1712055504395,0.0.1,49.822066; 24.057709
531,ok,1712055504395,0.0.1,49.822066; 24.057709
399,ok,1712055504395,0.0.1,49.822066; 24.057709
83,ok,1712055504395,0.0.1,49.822066; 24.057709
639,ok,1712055504395,0.0.1,49.822066; 24.057709
910,paused,1712055504395,0.0.1,49.822066; 24.057709
893,ok,1712055504395,0.0.1,49.822066; 24.057709
620,paused,1712055504395,0.0.1,49.822066; 24.057709
406,ok,1712055504395,0.0.1,49.822066; 24.057709
16,ok,1712055504395,0.0.1,49.822066; 24.057709
443,ok,1712055504395,0.0.1,49.822066; 24.057709
511,ok,1712055504395,0.0.1,49.822066; 24.057709
598,ok,1712055504395,0.0.1,49.822066; 24.057709
112,paused,1712055504395,0.0.1,49.822066; 24.057709
199,ok,1712055504395,0.0.1,49.822066; 24.057709
295,ok,1712055504395,0.0.1,49.822066; 24.057709
644,ok,1712055504395,0.0.1,49.822066; 24.057709
324,ok,1712055504395,0.0.1,49.822066; 24.057709
726,ok,1712055504395,0.0.1,49.822066; 24.057709
179,ok,1712055504395,0.0.1,49.822066; 24.057709
370,ok,1712055504395,0.0.1,49.822066; 24.057709
40,ok,1712055504395,0.0.1,49.822066; 24.057709
887,ok,1712055504395,0.0.1,49.822066; 24.057709
210,paused,1712055504395,0.0.1,49.822066; 24.057709
127,paused,1712055504395,0.0.1,49.822066; 24.057709
735,paused,1712055504395,0.0.1,49.822066; 24.057709
189,ok,1712055504395,0.0.1,49.822066; 24.057709
508,ok,1712055504395,0.0.1,49.822066; 24.057709
383,ok,1712055504395,0.0.1,49.822066; 24.057709
676,ok,1712055504395,0.0.1,49.822066; 24.057709
859,ok,1712055504395,0.0.1,49.822066; 24.057709
206,paused,1712055504395,0.0.1,49.822066; 24.057709
841,ok,1712055504395,0.0.1,49.822066; 24.057709
517,ok,1712055504395,0.0.1,49.822066; 24.057709
134,paused,1712055504395,0.0.1,49.822066; 24.057709
883,paused,1712055504395,0.0.1,49.822066; 24.057709
575,ok,1712055504395,0.0.1,49.822066; 24.057709
128,ok,1712055504395,0.0.1,49.822066; 24.057709
675,paused,1712055504395,0.0.1,49.822066; 24.057709
21,paused,1712055504395,0.0.1,49.822066; 24.057709
517,ok,1712055504395,0.0.1,49.822066; 24.057709
332,paused,1712055504395,0.0.1,49.822066; 24.057709
247,ok,1712055504395,0.0.1,49.822066; 24.057709
460,ok,1712055504395,0.0.1,49.822066; 24.057709
695,ok,1712055504395,0.0.1,49.822066; 24.057709
828,ok,1712055504395,0.0.1,49.822066; 24.057709
994,ok,1712055504395,0.0.1,49.822066; 24.057709
425,ok,1712055504395,0.0.1,49.822066; 24.057709
400,ok,1712055504395,0.0.1,49.822066; 24.057709
259,ok,1712055504395,0.0.1,49.822066; 24.057709
656,ok,1712055504395,0.0.1,49.822066; 24.057709
472,ok,1712055504395,0.0.1,49.822066; 24.057709
171,ok,1712055504395,0.0.1,49.822066; 24.057709
754,ok,1712055504395,0.0.1,49.822066; 24.057709
479,ok,1712055504395,0.0.1,49.822066; 24.057709
29,ok,1712055504395,0.0.1,49.822066; 24.057709
951,paused,1712055504395,0.0.1,49.822066; 24.057709
490,ok,1712055504395,0.0.1,49.822066; 24.057709
525,paused,1712055504395,0.0.1,49.822066; 24.057709
67,ok,1712055504395,0.0.1,49.822066; 24.057709
527,ok,1712055504395,0.0.1,49.822066; 24.057709
522,paused,1712055504395,0.0.1,49.822066; 24.057709
990,ok,1712055504395,0.0.1,49.822066; 24.057709
189,paused,1712055504395,0.0.1,49.822066; 24.057709
621,ok,1712055504395,0.0.1,49.822066; 24.057709
358,ok,1712055504395,0.0.1,49.822066; 24.057709
883,ok,1712055504395,0.0.1,49.822066; 24.057709
158,ok,1712055504395,0.0.1,49.822066; 24.057709
750,ok,1712055504395,0.0.1,49.822066; 24.057709
552,ok,1712055504395,0.0.1,49.822066; 24.057709
175,paused,1712055504395,0.0.1,49.822066; 24.057709
362,paused,1712055504395,0.0.1,49.822066; 24.057709
917,paused,1712055504395,0.0.1,49.822066; 24.057709
684,paused,1712055504395,0.0.1,49.822066; 24.057709
871,ok,1712055504395,0.0.1,49.822066; 24.057709
229,paused,1712055504395,0.0.1,49.822066; 24.057709
912,ok,1712055504395,0.0.1,49.822066; 24.057709
469,ok,1712055504395,0.0.1,49.822066; 24.057709
102,ok,1712055504395,0.0.1,49.822066; 24.057709
736,paused,1712055504395,0.0.1,49.822066; 24.057709
237,ok,1712055504395,0.0.1,49.822066; 24.057709
857,ok,1712055504395,0.0.1,49.822066; 24.057709
236,ok,1712055504395,0.0.1,49.822066; 24.057709
279,paused,1712055504395,0.0.1,49.822066; 24.057709
28,ok,1712055504395,0.0.1,49.822066; 24.057709
663,paused,1712055504395,0.0.1,49.822066; 24.057709
479,ok,1712055504395,0.0.1,49.822066; 24.057709
546,ok,1712055504395,0.0.1,49.822066; 24.057709
574,paused,1712055504395,0.0.1,49.822066; 24.057709
609,paused,1712055504395,0.0.1,49.822066; 24.057709
635,paused,1712055504395,0.0.1,49.822066; 24.057709
562,ok,1712055504395,0.0.1,49.822066; 24.057709
536,ok,1712055504395,0.0.1,49.822066; 24.057709
731,paused,1712055504395,0.0.1,49.822066; 24.057709
281,ok,1712055504395,0.0.1,49.822066; 24.057709
679,paused,1712055504395,0.0.1,49.822066; 24.057709
99,ok,1712055504395,0.0.1,49.822066; 24.057709
173,ok,1712055504395,0.0.1,49.822066; 24.057709
57,ok,1712055504395,0.0.1,49.822066; 24.057709
629,ok,1712055504395,0.0.1,49.822066; 24.057709
865,paused,1712055504395,0.0.1,49.822066; 24.057709
283,paused,1712055504395,0.0.1,49.822066; 24.057709
112,paused,1712055504395,0.0.1,49.822066; 24.057709
354,ok,1712055504395,0.0.1,49.822066; 24.057709
338,paused,1712055504395,0.0.1,49.822066; 24.057709
889,ok,1712055504395,0.0.1,49.822066; 24.057709
205,ok,1712055504395,0.0.1,49.822066; 24.057709
362,paused,1712055504395,0.0.1,49.822066; 24.057709
685,ok,1712055504395,0.0.1,49.822066; 24.057709
577,ok,1712055504395,0.0.1,49.822066; 24.057709
492,ok,1712055504395,0.0.1,49.822066; 24.057709
552,ok,1712055504395,0.0.1,49.822066; 24.057709
247,ok,1712055504395,0.0.1,49.822066; 24.057709
964,ok,1712055504395,0.0.1,49.822066; 24.057709
790,ok,1712055504395,0.0.1,49.822066; 24.057709
329,ok,1712055504395,0.0.1,49.822066; 24.057709
889,paused,1712055504395,0.0.1,49.822066; 24.057709
271,paused,1712055504395,0.0.1,49.822066; 24.057709
601,ok,1712055504395,0.0.1,49.822066; 24.057709
592,ok,1712055504395,0.0.1,49.822066; 24.057709
786,ok,1712055504395,0.0.1,49.822066; 24.057709
732,paused,1712055504395,0.0.1,49.822066; 24.057709
816,ok,1712055504395,0.0.1,49.822066; 24.057709
356,paused,1712055504395,0.0.1,49.822066; 24.057709
121,ok,1712055504395,0.0.1,49.822066; 24.057709
462,paused,1712055504395,0.0.1,49.822066; 24.057709
581,ok,1712055504395,0.0.1,49.822066; 24.057709
379,ok,1712055504395,0.0.1,49.822066; 24.057709
116,ok,1712055504395,0.0.1,49.822066; 24.057709
599,ok,1712055504395,0.0.1,49.822066; 24.057709
438,ok,1712055504395,0.0.1,49.822066; 24.057709
957,ok,1712055504395,0.0.1,49.822066; 24.057709
641,ok,1712055504395,0.0.1,49.822066; 24.057709
389,ok,1712055504395,0.0.1,49.822066; 24.057709
356,ok,1712055504395,0.0.1,49.822066; 24.057709
297,ok,1712055504395,0.0.1,49.822066; 24.057709
919,ok,1712055504395,0.0.1,49.822066; 24.057709
391,ok,1712055504395,0.0.1,49.822066; 24.057709
729,ok,1712055504395,0.0.1,49.822066; 24.057709
874,ok,1712055504395,0.0.1,49.822066; 24.057709
33,paused,1712055504395,0.0.1,49.822066; 24.057709
358,ok,1712055504395,0.0.1,49.822066; 24.057709
877,paused,1712055504395,0.0.1,49.822066; 24.057709
180,ok,1712055504395,0.0.1,49.822066; 24.057709
231,ok,1712055504395,0.0.1,49.822066; 24.057709
314,ok,1712055504395,0.0.1,49.822066; 24.057709
832,ok,1712055504395,0.0.1,49.822066; 24.057709
954,ok,1712055504395,0.0.1,49.822066; 24.057709
283,ok,1712055504395,0.0.1,49.822066; 24.057709
712,paused,1712055504395,0.0.1,49.822066; 24.057709
956,ok,1712055504395,0.0.1,49.822066; 24.057709
162,ok,1712055504395,0.0.1,49.822066; 24.057709
344,paused,1712055504395,0.0.1,49.822066; 24.057709
49,paused,1712055504395,0.0.1,49.822066; 24.057709
316,ok,1712055504395,0.0.1,49.822066; 24.057709
580,ok,1712055504395,0.0.1,49.822066; 24.057709
667,ok,1712055504395,0.0.1,49.822066; 24.057709
77,ok,1712055504395,0.0.1,49.822066; 24.057709
332,ok,1712055504395,0.0.1,49.822066; 24.057709
683,ok,1712055504395,0.0.1,49.822066; 24.057709
503,paused,1712055504395,0.0.1,49.822066; 24.057709
616,ok,1712055504395,0.0.1,49.822066; 24.057709
918,ok,1712055504395,0.0.1,49.822066; 24.057709
931,paused,1712055504395,0.0.1,49.822066; 24.057709
639,ok,1712055504395,0.0.1,49.822066; 24.057709
818,ok,1712055504395,0.0.1,49.822066; 24.057709
977,paused,1712055504395,0.0.1,49.822066; 24.057709
877,ok,1712055504395,0.0.1,49.822066; 24.057709
340,ok,1712055504395,0.0.1,49.822066; 24.057709
435,ok,1712055504395,0.0.1,49.822066; 24.057709
282,paused,1712055504395,0.0.1,49.822066; 24.057709
743,ok,1712055504395,0.0.1,49.822066; 24.057709
421,paused,1712055504395,0.0.1,49.822066; 24.057709
159,ok,1712055504395,0.0.1,49.822066; 24.057709
963,ok,1712055504395,0.0.1,49.822066; 24.057709
207,ok,1712055504395,0.0.1,49.822066; 24.057709
316,ok,1712055504395,0.0.1,49.822066; 24.057709
488,ok,1712055504395,0.0.1,49.822066; 24.057709
354,ok,1712055504395,0.0.1,49.822066; 24.057709
953,paused,1712055504395,0.0.1,49.822066; 24.057709
349,ok,1712055504395,0.0.1,49.822066; 24.057709
80,paused,1712055504395,0.0.1,49.822066; 24.057709
815,ok,1712055504395,0.0.1,49.822066; 24.057709
581,ok,1712055504395,0.0.1,49.822066; 24.057709
145,ok,1712055504395,0.0.1,49.822066; 24.057709
219,ok,1712055504395,0.0.1,49.822066; 24.057709
915,ok,1712055504395,0.0.1,49.822066; 24.057709
264,ok,1712055504395,0.0.1,49.822066; 24.057709
291,ok,1712055504395,0.0.1,49.822066; 24.057709
200,ok,1712055504395,0.0.1,49.822066; 24.057709
349,ok,1712055504395,0.0.1,49.822066; 24.057709
85,ok,1712055504395,0.0.1,49.822066; 24.057709
156,ok,1712055504395,0.0.1,49.822066; 24.057709
112,ok,1712055504395,0.0.1,49.822066; 24.057709
203,ok,1712055504395,0.0.1,49.822066; 24.057709
578,ok,1712055504395,0.0.1,49.822066; 24.057709
851,paused,1712055504395,0.0.1,49.822066; 24.057709
963,ok,1712055504395,0.0.1,49.822066; 24.057709
884,ok,1712055504395,0.0.1,49.822066; 24.057709
117,ok,1712055504395,0.0.1,49.822066; 24.057709
610,paused,1712055504395,0.0.1,49.822066; 24.057709
151,ok,1712055504395,0.0.1,49.822066; 24.057709
664,ok,1712055504395,0.0.1,49.822066; 24.057709
336,ok,1712055504395,0.0.1,49.822066; 24.057709
497,ok,1712055504395,0.0.1,49.822066; 24.057709
964,paused,1712055504395,0.0.1,49.822066; 24.057709
89,ok,1712055504395,0.0.1,49.822066; 24.057709
350,ok,1712055504395,0.0.1,49.822066; 24.057709
621,ok,1712055504395,0.0.1,49.822066; 24.057709
204,paused,1712055504395,0.0.1,49.822066; 24.057709
855,ok,1712055504395,0.0.1,49.822066; 24.057709
906,ok,1712055504395,0.0.1,49.822066; 24.057709
657,ok,1712055504395,0.0.1,49.822066; 24.057709
411,ok,1712055504395,0.0.1,49.822066; 24.057709
951,ok,1712055504395,0.0.1,49.822066; 24.057709
699,paused,1712055504395,0.0.1,49.822066; 24.057709
108,ok,1712055504395,0.0.1,49.822066; 24.057709
290,ok,1712055504395,0.0.1,49.822066; 24.057709
659,ok,1712055504395,0.0.1,49.822066; 24.057709
596,ok,1712055504395,0.0.1,49.822066; 24.057709
716,ok,1712055504395,0.0.1,49.822066; 24.057709
997,paused,1712055504395,0.0.1,49.822066; 24.057709
572,ok,1712055504395,0.0.1,49.822066; 24.057709
788,ok,1712055504395,0.0.1,49.822066; 24.057709
995,ok,1712055504395,0.0.1,49.822066; 24.057709
857,ok,1712055504395,0.0.1,49.822066; 24.057709
594,ok,1712055504395,0.0.1,49.822066; 24.057709
473,ok,1712055504395,0.0.1,49.822066; 24.057709
669,ok,1712055504395,0.0.1,49.822066; 24.057709
901,ok,1712055504395,0.0.1,49.822066; 24.057709
160,ok,1712055504395,0.0.1,49.822066; 24.057709
387,ok,1712055504395,0.0.1,49.822066; 24.057709
564,ok,1712055504395,0.0.1,49.822066; 24.057709
166,paused,1712055504395,0.0.1,49.822066; 24.057709
754,paused,1712055504395,0.0.1,49.822066; 24.057709
293,ok,1712055504395,0.0.1,49.822066; 24.057709
726,ok,1712055504395,0.0.1,49.822066; 24.057709
165,ok,1712055504395,0.0.1,49.822066; 24.057709
559,ok,1712055504395,0.0.1,49.822066; 24.057709
313,ok,1712055504395,0.0.1,49.822066; 24.057709
436,ok,1712055504395,0.0.1,49.822066; 24.057709
751,ok,1712055504395,0.0.1,49.822066; 24.057709
66,ok,1712055504395,0.0.1,49.822066; 24.057709
426,ok,1712055504395,0.0.1,49.822066; 24.057709
701,ok,1712055504395,0.0.1,49.822066; 24.057709
639,paused,1712055504395,0.0.1,49.822066; 24.057709
53,paused,1712055504395,0.0.1,49.822066; 24.057709
346,ok,1712055504395,0.0.1,49.822066; 24.057709
114,paused,1712055504395,0.0.1,49.822066; 24.057709
6,ok,1712055504395,0.0.1,49.822066; 24.057709
850,ok,1712055504395,0.0.1,49.822066; 24.057709
921,ok,1712055504395,0.0.1,49.822066; 24.057709
385,ok,1712055504395,0.0.1,49.822066; 24.057709
900,paused,1712055504395,0.0.1,49.822066; 24.057709
650,ok,1712055504395,0.0.1,49.822066; 24.057709
418,paused,1712055504395,0.0.1,49.822066; 24.057709
67,paused,1712055504395,0.0.1,49.822066; 24.057709
65,ok,1712055504395,0.0.1,49.822066; 24.057709
734,ok,1712055504395,0.0.1,49.822066; 24.057709
271,ok,1712055504395,0.0.1,49.822066; 24.057709
292,paused,1712055504395,0.0.1,49.822066; 24.057709
162,ok,1712055504395,0.0.1,49.822066; 24.057709
330,ok,1712055504395,0.0.1,49.822066; 24.057709
606,ok,1712055504395,0.0.1,49.822066; 24.057709
82,ok,1712055504395,0.0.1,49.822066; 24.057709
496,ok,1712055504395,0.0.1,49.822066; 24.057709
697,ok,1712055504395,0.0.1,49.822066; 24.057709
237,ok,1712055504395,0.0.1,49.822066; 24.057709
171,ok,1712055504395,0.0.1,49.822066; 24.057709
281,ok,1712055504395,0.0.1,49.822066; 24.057709
230,ok,1712055504395,0.0.1,49.822066; 24.057709
34,paused,1712055504395,0.0.1,49.822066; 24.057709
306,ok,1712055504395,0.0.1,49.822066; 24.057709
421,ok,1712055504395,0.0.1,49.822066; 24.057709
404,ok,1712055504395,0.0.1,49.822066; 24.057709
710,ok,1712055504395,0.0.1,49.822066; 24.057709
326,ok,1712055504395,0.0.1,49.822066; 24.057709
478,ok,1712055504395,0.0.1,49.822066; 24.057709
493,ok,1712055504395,0.0.1,49.822066; 24.057709
615,ok,1712055504395,0.0.1,49.822066; 24.057709
138,paused,1712055504395,0.0.1,49.822066; 24.057709
457,ok,1712055504395,0.0.1,49.822066; 24.057709
973,ok,1712055504395,0.0.1,49.822066; 24.057709
393,paused,1712055504395,0.0.1,49.822066; 24.057709
881,ok,1712055504395,0.0.1,49.822066; 24.057709
612,ok,1712055504395,0.0.1,49.822066; 24.057709
576,ok,1712055504395,0.0.1,49.822066; 24.057709
523,ok,1712055504395,0.0.1,49.822066; 24.057709
528,paused,1712055504395,0.0.1,49.822066; 24.057709
295,ok,1712055504395,0.0.1,49.822066; 24.057709
461,paused,1712055504395,0.0.1,49.822066; 24.057709
429,ok,1712055504395,0.0.1,49.822066; 24.057709
285,ok,1712055504395,0.0.1,49.822066; 24.057709
74,ok,1712055504395,0.0.1,49.822066; 24.057709
611,ok,1712055504395,0.0.1,49.822066; 24.057709
474,paused,1712055504395,0.0.1,49.822066; 24.057709
12,paused,1712055504395,0.0.1,49.822066; 24.057709
806,ok,1712055504395,0.0.1,49.822066; 24.057709
564,ok,1712055504395,0.0.1,49.822066; 24.057709
134,ok,1712055504395,0.0.1,49.822066; 24.057709
618,paused,1712055504395,0.0.1,49.822066; 24.057709
716,paused,1712055504395,0.0.1,49.822066; 24.057709
357,ok,1712055504395,0.0.1,49.822066; 24.057709
750,ok,1712055504395,0.0.1,49.822066; 24.057709
336,paused,1712055504395,0.0.1,49.822066; 24.057709
10,ok,1712055504395,0.0.1,49.822066; 24.057709
453,paused,1712055504395,0.0.1,49.822066; 24.057709
399,ok,1712055504395,0.0.1,49.822066; 24.057709
163,paused,1712055504395,0.0.1,49.822066; 24.057709
881,paused,1712055504395,0.0.1,49.822066; 24.057709
454,ok,1712055504395,0.0.1,49.822066; 24.057709
992,ok,1712055504395,0.0.1,49.822066; 24.057709
436,ok,1712055504395,0.0.1,49.822066; 24.057709
389,ok,1712055504395,0.0.1,49.822066; 24.057709
970,ok,1712055504395,0.0.1,49.822066; 24.057709
600,ok,1712055504395,0.0.1,49.822066; 24.057709
325,ok,1712055504395,0.0.1,49.822066; 24.057709
523,paused,1712055504395,0.0.1,49.822066; 24.057709
223,ok,1712055504395,0.0.1,49.822066; 24.057709
994,ok,1712055504395,0.0.1,49.822066; 24.057709
874,ok,1712055504395,0.0.1,49.822066; 24.057709
975,ok,1712055504395,0.0.1,49.822066; 24.057709
323,ok,1712055504395,0.0.1,49.822066; 24.057709
894,paused,1712055504395,0.0.1,49.822066; 24.057709
254,paused,1712055504395,0.0.1,49.822066; 24.057709
180,ok,1712055504395,0.0.1,49.822066; 24.057709
456,paused,1712055504395,0.0.1,49.822066; 24.057709
701,ok,1712055504395,0.0.1,49.822066; 24.057709
817,ok,1712055504395,0.0.1,49.822066; 24.057709
967,ok,1712055504395,0.0.1,49.822066; 24.057709
427,ok,1712055504395,0.0.1,49.822066; 24.057709
631,paused,1712055504395,0.0.1,49.822066; 24.057709
361,ok,1712055504395,0.0.1,49.822066; 24.057709
105,paused,1712055504395,0.0.1,49.822066; 24.057709
867,ok,1712055504395,0.0.1,49.822066; 24.057709
113,paused,1712055504395,0.0.1,49.822066; 24.057709
685,ok,1712055504395,0.0.1,49.822066; 24.057709
948,ok,1712055504395,0.0.1,49.822066; 24.057709
385,ok,1712055504395,0.0.1,49.822066; 24.057709
861,ok,1712055504395,0.0.1,49.822066; 24.057709
197,ok,1712055504395,0.0.1,49.822066; 24.057709
768,ok,1712055504395,0.0.1,49.822066; 24.057709
981,ok,1712055504395,0.0.1,49.822066; 24.057709
196,ok,1712055504395,0.0.1,49.822066; 24.057709
788,ok,1712055504395,0.0.1,49.822066; 24.057709
290,ok,1712055504395,0.0.1,49.822066; 24.057709
432,paused,1712055504395,0.0.1,49.822066; 24.057709
92,ok,1712055504395,0.0.1,49.822066; 24.057709
430,ok,1712055504395,0.0.1,49.822066; 24.057709
609,paused,1712055504395,0.0.1,49.822066; 24.057709
355,ok,1712055504395,0.0.1,49.822066; 24.057709
222,paused,1712055504395,0.0.1,49.822066; 24.057709
515,paused,1712055504395,0.0.1,49.822066; 24.057709
709,ok,1712055504395,0.0.1,49.822066; 24.057709
813,ok,1712055504395,0.0.1,49.822066; 24.057709
300,paused,1712055504395,0.0.1,49.822066; 24.057709
653,ok,1712055504395,0.0.1,49.822066; 24.057709
188,ok,1712055504395,0.0.1,49.822066; 24.057709
812,ok,1712055504395,0.0.1,49.822066; 24.057709
329,paused,1712055504395,0.0.1,49.822066; 24.057709
702,paused,1712055504395,0.0.1,49.822066; 24.057709
311,ok,1712055504395,0.0.1,49.822066; 24.057709
213,ok,1712055504395,0.0.1,49.822066; 24.057709
380,ok,1712055504395,0.0.1,49.822066; 24.057709
196,ok,1712055504395,0.0.1,49.822066; 24.057709
738,paused,1712055504395,0.0.1,49.822066; 24.057709
926,paused,1712055504395,0.0.1,49.822066; 24.057709
12,ok,1712055504395,0.0.1,49.822066; 24.057709
726,ok,1712055504395,0.0.1,49.822066; 24.057709
677,ok,1712055504395,0.0.1,49.822066; 24.057709
452,ok,1712055504395,0.0.1,49.822066; 24.057709
718,ok,1712055504395,0.0.1,49.822066; 24.057709
557,paused,1712055504395,0.0.1,49.822066; 24.057709
219,ok,1712055504395,0.0.1,49.822066; 24.057709
343,ok,1712055504395,0.0.1,49.822066; 24.057709
616,ok,1712055504395,0.0.1,49.822066; 24.057709
420,ok,1712055504395,0.0.1,49.822066; 24.057709
521,ok,1712055504395,0.0.1,49.822066; 24.057709
216,ok,1712055504395,0.0.1,49.822066; 24.057709
167,ok,1712055504395,0.0.1,49.822066; 24.057709
26,ok,1712055504395,0.0.1,49.822066; 24.057709
834,paused,1712055504395,0.0.1,49.822066; 24.057709
84,ok,1712055504395,0.0.1,49.822066; 24.057709
278,ok,1712055504395,0.0.1,49.822066; 24.057709
694,paused,1712055504395,0.0.1,49.822066; 24.057709
838,ok,1712055504395,0.0.1,49.822066; 24.057709
359,ok,1712055504395,0.0.1,49.822066; 24.057709
660,paused,1712055504395,0.0.1,49.822066; 24.057709
548,ok,1712055504395,0.0.1,49.822066; 24.057709
38,paused,1712055504395,0.0.1,49.822066; 24.057709
270,paused,1712055504395,0.0.1,49.822066; 24.057709
927,ok,1712055504395,0.0.1,49.822066; 24.057709
56,ok,1712055504395,0.0.1,49.822066; 24.057709
151,ok,1712055504395,0.0.1,49.822066; 24.057709
981,paused,1712055504395,0.0.1,49.822066; 24.057709
984,ok,1712055504395,0.0.1,49.822066; 24.057709
843,paused,1712055504395,0.0.1,49.822066; 24.057709
476,paused,1712055504395,0.0.1,49.822066; 24.057709
365,paused,1712055504395,0.0.1,49.822066; 24.057709
63,ok,1712055504395,0.0.1,49.822066; 24.057709
425,ok,1712055504395,0.0.1,49.822066; 24.057709
269,paused,1712055504395,0.0.1,49.822066; 24.057709
995,ok,1712055504395,0.0.1,49.822066; 24.057709
261,ok,1712055504395,0.0.1,49.822066; 24.057709
116,ok,1712055504395,0.0.1,49.822066; 24.057709
208,ok,1712055504395,0.0.1,49.822066; 24.057709
210,ok,1712055504395,0.0.1,49.822066; 24.057709
686,ok,1712055504395,0.0.1,49.822066; 24.057709
624,ok,1712055504395,0.0.1,49.822066; 24.057709
509,ok,1712055504395,0.0.1,49.822066; 24.057709
551,ok,1712055504395,0.0.1,49.822066; 24.057709
826,paused,1712055504395,0.0.1,49.822066; 24.057709
355,paused,1712055504395,0.0.1,49.822066; 24.057709
302,paused,1712055504395,0.0.1,49.822066; 24.057709
577,ok,1712055504395,0.0.1,49.822066; 24.057709
30,ok,1712055504395,0.0.1,49.822066; 24.057709
260,ok,1712055504395,0.0.1,49.822066; 24.057709
557,ok,1712055504395,0.0.1,49.822066; 24.057709
249,ok,1712055504395,0.0.1,49.822066; 24.057709
449,ok,1712055504395,0.0.1,49.822066; 24.057709
730,ok,1712055504395,0.0.1,49.822066; 24.057709
594,paused,1712055504395,0.0.1,49.822066; 24.057709
48,ok,1712055504395,0.0.1,49.822066; 24.057709
555,ok,1712055504395,0.0.1,49.822066; 24.057709
558,ok,1712055504395,0.0.1,49.822066; 24.057709
282,paused,1712055504395,0.0.1,49.822066; 24.057709
313,ok,1712055504395,0.0.1,49.822066; 24.057709
919,ok,1712055504395,0.0.1,49.822066; 24.057709
901,ok,1712055504395,0.0.1,49.822066; 24.057709
599,ok,1712055504395,0.0.1,49.822066; 24.057709
367,ok,1712055504395,0.0.1,49.822066; 24.057709
5,paused,1712055504395,0.0.1,49.822066; 24.057709
163,ok,1712055504395,0.0.1,49.822066; 24.057709
809,ok,1712055504395,0.0.1,49.822066; 24.057709
441,ok,1712055504395,0.0.1,49.822066; 24.057709
839,paused,1712055504395,0.0.1,49.822066; 24.057709
741,ok,1712055504395,0.0.1,49.822066; 24.057709
129,ok,1712055504395,0.0.1,49.822066; 24.057709
511,ok,1712055504395,0.0.1,49.822066; 24.057709
823,ok,1712055504395,0.0.1,49.822066; 24.057709
531,ok,1712055504395,0.0.1,49.822066; 24.057709
77,ok,1712055504395,0.0.1,49.822066; 24.057709
301,paused,1712055504395,0.0.1,49.822066; 24.057709
257,ok,1712055504395,0.0.1,49.822066; 24.057709
483,ok,1712055504395,0.0.1,49.822066; 24.057709
381,ok,1712055504395,0.0.1,49.822066; 24.057709
958,ok,1712055504395,0.0.1,49.822066; 24.057709
928,ok,1712055504395,0.0.1,49.822066; 24.057709
191,ok,1712055504395,0.0.1,49.822066; 24.057709
763,ok,1712055504395,0.0.1,49.822066; 24.057709
884,ok,1712055504395,0.0.1,49.822066; 24.057709
478,ok,1712055504395,0.0.1,49.822066; 24.057709
748,paused,1712055504395,0.0.1,49.822066; 24.057709
597,ok,1712055504395,0.0.1,49.822066; 24.057709
375,ok,1712055504395,0.0.1,49.822066; 24.057709
956,paused,1712055504395,0.0.1,49.822066; 24.057709
219,paused,1712055504395,0.0.1,49.822066; 24.057709
751,ok,1712055504395,0.0.1,49.822066; 24.057709
834,ok,1712055504395,0.0.1,49.822066; 24.057709
200,ok,1712055504395,0.0.1,49.822066; 24.057709
710,ok,1712055504395,0.0.1,49.822066; 24.057709
56,ok,1712055504395,0.0.1,49.822066; 24.057709
726,ok,1712055504395,0.0.1,49.822066; 24.057709
536,ok,1712055504395,0.0.1,49.822066; 24.057709
353,paused,1712055504395,0.0.1,49.822066; 24.057709
418,paused,1712055504395,0.0.1,49.822066; 24.057709
264,ok,1712055504395,0.0.1,49.822066; 24.057709
118,ok,1712055504395,0.0.1,49.822066; 24.057709
416,ok,1712055504395,0.0.1,49.822066; 24.057709
26,ok,1712055504395,0.0.1,49.822066; 24.057709
241,ok,1712055504395,0.0.1,49.822066; 24.057709
643,paused,1712055504395,0.0.1,49.822066; 24.057709
845,ok,1712055504395,0.0.1,49.822066; 24.057709
453,paused,1712055504395,0.0.1,49.822066; 24.057709
55,ok,1712055504395,0.0.1,49.822066; 24.057709
263,ok,1712055504395,0.0.1,49.822066; 24.057709
499,ok,1712055504395,0.0.1,49.822066; 24.057709
503,paused,1712055504395,0.0.1,49.822066; 24.057709
651,ok,1712055504395,0.0.1,49.822066; 24.057709
257,ok,1712055504395,0.0.1,49.822066; 24.057709
827,ok,1712055504395,0.0.1,49.822066; 24.057709
215,paused,1712055504395,0.0.1,49.822066; 24.057709
992,ok,1712055504395,0.0.1,49.822066; 24.057709
267,paused,1712055504395,0.0.1,49.822066; 24.057709
655,ok,1712055504395,0.0.1,49.822066; 24.057709
313,ok,1712055504395,0.0.1,49.822066; 24.057709
541,ok,1712055504395,0.0.1,49.822066; 24.057709
164,paused,1712055504395,0.0.1,49.822066; 24.057709
306,ok,1712055504395,0.0.1,49.822066; 24.057709
626,ok,1712055504395,0.0.1,49.822066; 24.057709
788,ok,1712055504395,0.0.1,49.822066; 24.057709
141,ok,1712055504395,0.0.1,49.822066; 24.057709
16,ok,1712055504395,0.0.1,49.822066; 24.057709
368,ok,1712055504395,0.0.1,49.822066; 24.057709
848,ok,1712055504395,0.0.1,49.822066; 24.057709
757,paused,1712055504395,0.0.1,49.822066; 24.057709
322,ok,1712055504395,0.0.1,49.822066; 24.057709
785,ok,1712055504396,0.0.1,49.822066; 24.057709
550,paused,1712055504396,0.0.1,49.822066; 24.057709
721,paused,1712055504396,0.0.1,49.822066; 24.057709
151,ok,1712055504396,0.0.1,49.822066; 24.057709
187,ok,1712055504396,0.0.1,49.822066; 24.057709
245,ok,1712055504396,0.0.1,49.822066; 24.057709
501,ok,1712055504396,0.0.1,49.822066; 24.057709
741,paused,1712055504396,0.0.1,49.822066; 24.057709
622,ok,1712055504396,0.0.1,49.822066; 24.057709
470,ok,1712055504396,0.0.1,49.822066; 24.057709
829,ok,1712055504396,0.0.1,49.822066; 24.057709
278,paused,1712055504396,0.0.1,49.822066; 24.057709
684,ok,1712055504396,0.0.1,49.822066; 24.057709
621,ok,1712055504396,0.0.1,49.822066; 24.057709
807,ok,1712055504396,0.0.1,49.822066; 24.057709
481,ok,1712055504396,0.0.1,49.822066; 24.057709
466,ok,1712055504396,0.0.1,49.822066; 24.057709
921,ok,1712055504396,0.0.1,49.822066; 24.057709
634,paused,1712055504396,0.0.1,49.822066; 24.057709
173,paused,1712055504396,0.0.1,49.822066; 24.057709
467,paused,1712055504396,0.0.1,49.822066; 24.057709
646,ok,1712055504396,0.0.1,49.822066; 24.057709
570,ok,1712055504396,0.0.1,49.822066; 24.057709
384,ok,1712055504396,0.0.1,49.822066; 24.057709
381,paused,1712055504396,0.0.1,49.822066; 24.057709
700,paused,1712055504396,0.0.1,49.822066; 24.057709
87,paused,1712055504396,0.0.1,49.822066; 24.057709
784,paused,1712055504396,0.0.1,49.822066; 24.057709
979,paused,1712055504396,0.0.1,49.822066; 24.057709
147,ok,1712055504396,0.0.1,49.822066; 24.057709
981,ok,1712055504396,0.0.1,49.822066; 24.057709
789,ok,1712055504396,0.0.1,49.822066; 24.057709
646,paused,1712055504396,0.0.1,49.822066; 24.057709
709,ok,1712055504396,0.0.1,49.822066; 24.057709
12,ok,1712055504396,0.0.1,49.822066; 24.057709
44,ok,1712055504396,0.0.1,49.822066; 24.057709
561,ok,1712055504396,0.0.1,49.822066; 24.057709
78,ok,1712055504396,0.0.1,49.822066; 24.057709
710,paused,1712055504396,0.0.1,49.822066; 24.057709
745,paused,1712055504396,0.0.1,49.822066; 24.057709
640,paused,1712055504396,0.0.1,49.822066; 24.057709
926,ok,1712055504396,0.0.1,49.822066; 24.057709
943,ok,1712055504396,0.0.1,49.822066; 24.057709
537,paused,1712055504396,0.0.1,49.822066; 24.057709
119,paused,1712055504396,0.0.1,49.822066; 24.057709
66,ok,1712055504396,0.0.1,49.822066; 24.057709
894,ok,1712055504396,0.0.1,49.822066; 24.057709
308,ok,1712055504396,0.0.1,49.822066; 24.057709
367,ok,1712055504396,0.0.1,49.822066; 24.057709
214,paused,1712055504396,0.0.1,49.822066; 24.057709
399,paused,1712055504396,0.0.1,49.822066; 24.057709
688,ok,1712055504396,0.0.1,49.822066; 24.057709
132,paused,1712055504396,0.0.1,49.822066; 24.057709
447,ok,1712055504396,0.0.1,49.822066; 24.057709
152,ok,1712055504396,0.0.1,49.822066; 24.057709
37,ok,1712055504396,0.0.1,49.822066; 24.057709
205,ok,1712055504396,0.0.1,49.822066; 24.057709
740,paused,1712055504396,0.0.1,49.822066; 24.057709
278,ok,1712055504396,0.0.1,49.822066; 24.057709
126,ok,1712055504396,0.0.1,49.822066; 24.057709
126,ok,1712055504396,0.0.1,49.822066; 24.057709
547,paused,1712055504396,0.0.1,49.822066; 24.057709
211,paused,1712055504396,0.0.1,49.822066; 24.057709
458,paused,1712055504396,0.0.1,49.822066; 24.057709
928,ok,1712055504396,0.0.1,49.822066; 24.057709
471,ok,1712055504396,0.0.1,49.822066; 24.057709
624,ok,1712055504396,0.0.1,49.822066; 24.057709
265,ok,1712055504396,0.0.1,49.822066; 24.057709
740,ok,1712055504396,0.0.1,49.822066; 24.057709
814,ok,1712055504396,0.0.1,49.822066; 24.057709
452,ok,1712055504396,0.0.1,49.822066; 24.057709
133,ok,1712055504396,0.0.1,49.822066; 24.057709
118,ok,1712055504396,0.0.1,49.822066; 24.057709
510,ok,1712055504396,0.0.1,49.822066; 24.057709
46,ok,1712055504396,0.0.1,49.822066; 24.057709
559,ok,1712055504396,0.0.1,49.822066; 24.057709
897,ok,1712055504396,0.0.1,49.822066; 24.057709
999,ok,1712055504396,0.0.1,49.822066; 24.057709
721,ok,1712055504396,0.0.1,49.822066; 24.057709
178,ok,1712055504396,0.0.1,49.822066; 24.057709
8,ok,1712055504396,0.0.1,49.822066; 24.057709
797,paused,1712055504396,0.0.1,49.822066; 24.057709
362,ok,1712055504396,0.0.1,49.822066; 24.057709
195,ok,1712055504396,0.0.1,49.822066; 24.057709
494,ok,1712055504396,0.0.1,49.822066; 24.057709
2,paused,1712055504396,0.0.1,49.822066; 24.057709
501,ok,1712055504396,0.0.1,49.822066; 24.057709
136,ok,1712055504396,0.0.1,49.822066; 24.057709
59,ok,1712055504396,0.0.1,49.822066; 24.057709
729,ok,1712055504396,0.0.1,49.822066; 24.057709
54,ok,1712055504396,0.0.1,49.822066; 24.057709
405,ok,1712055504396,0.0.1,49.822066; 24.057709
85,paused,1712055504396,0.0.1,49.822066; 24.057709
216,ok,1712055504396,0.0.1,49.822066; 24.057709
942,ok,1712055504396,0.0.1,49.822066; 24.057709
261,ok,1712055504396,0.0.1,49.822066; 24.057709
826,ok,1712055504396,0.0.1,49.822066; 24.057709
78,ok,1712055504396,0.0.1,49.822066; 24.057709
524,ok,1712055504396,0.0.1,49.822066; 24.057709
222,ok,1712055504396,0.0.1,49.822066; 24.057709
649,ok,1712055504396,0.0.1,49.822066; 24.057709
606,paused,1712055504396,0.0.1,49.822066; 24.057709
692,paused,1712055504396,0.0.1,49.822066; 24.057709
934,ok,1712055504396,0.0.1,49.822066; 24.057709
467,ok,1712055504396,0.0.1,49.822066; 24.057709
982,paused,1712055504396,0.0.1,49.822066; 24.057709
359,ok,1712055504396,0.0.1,49.822066; 24.057709
432,ok,1712055504396,0.0.1,49.822066; 24.057709
635,ok,1712055504396,0.0.1,49.822066; 24.057709
512,ok,1712055504396,0.0.1,49.822066; 24.057709
643,ok,1712055504396,0.0.1,49.822066; 24.057709
104,paused,1712055504396,0.0.1,49.822066; 24.057709
798,ok,1712055504396,0.0.1,49.822066; 24.057709
972,paused,1712055504396,0.0.1,49.822066; 24.057709
563,ok,1712055504396,0.0.1,49.822066; 24.057709
70,ok,1712055504396,0.0.1,49.822066; 24.057709
515,ok,1712055504396,0.0.1,49.822066; 24.057709
245,ok,1712055504396,0.0.1,49.822066; 24.057709
442,ok,1712055504396,0.0.1,49.822066; 24.057709
478,ok,1712055504396,0.0.1,49.822066; 24.057709
410,ok,1712055504396,0.0.1,49.822066; 24.057709
224,paused,1712055504396,0.0.1,49.822066; 24.057709
985,ok,1712055504396,0.0.1,49.822066; 24.057709
376,ok,1712055504396,0.0.1,49.822066; 24.057709
68,paused,1712055504396,0.0.1,49.822066; 24.057709
982,paused,1712055504396,0.0.1,49.822066; 24.057709
325,ok,1712055504396,0.0.1,49.822066; 24.057709
968,ok,1712055504396,0.0.1,49.822066; 24.057709
67,paused,1712055504396,0.0.1,49.822066; 24.057709
141,ok,1712055504396,0.0.1,49.822066; 24.057709
429,paused,1712055504396,0.0.1,49.822066; 24.057709
727,ok,1712055504396,0.0.1,49.822066; 24.057709
618,ok,1712055504396,0.0.1,49.822066; 24.057709
870,ok,1712055504396,0.0.1,49.822066; 24.057709
739,ok,1712055504396,0.0.1,49.822066; 24.057709
952,ok,1712055504396,0.0.1,49.822066; 24.057709
391,ok,1712055504396,0.0.1,49.822066; 24.057709
272,paused,1712055504396,0.0.1,49.822066; 24.057709
513,ok,1712055504396,0.0.1,49.822066; 24.057709
421,ok,1712055504396,0.0.1,49.822066; 24.057709
535,ok,1712055504396,0.0.1,49.822066; 24.057709
396,ok,1712055504396,0.0.1,49.822066; 24.057709
937,paused,1712055504396,0.0.1,49.822066; 24.057709
593,ok,1712055504396,0.0.1,49.822066; 24.057709
369,ok,1712055504396,0.0.1,49.822066; 24.057709
954,ok,1712055504396,0.0.1,49.822066; 24.057709
291,paused,1712055504396,0.0.1,49.822066; 24.057709
223,paused,1712055504396,0.0.1,49.822066; 24.057709
789,ok,1712055504396,0.0.1,49.822066; 24.057709
910,ok,1712055504396,0.0.1,49.822066; 24.057709
153,ok,1712055504396,0.0.1,49.822066; 24.057709
811,paused,1712055504396,0.0.1,49.822066; 24.057709
145,ok,1712055504396,0.0.1,49.822066; 24.057709
670,paused,1712055504396,0.0.1,49.822066; 24.057709
895,ok,1712055504396,0.0.1,49.822066; 24.057709
844,ok,1712055504396,0.0.1,49.822066; 24.057709
627,ok,1712055504396,0.0.1,49.822066; 24.057709
161,paused,1712055504396,0.0.1,49.822066; 24.057709
25,paused,1712055504396,0.0.1,49.822066; 24.057709
47,ok,1712055504396,0.0.1,49.822066; 24.057709
613,ok,1712055504396,0.0.1,49.822066; 24.057709
515,ok,1712055504396,0.0.1,49.822066; 24.057709
28,ok,1712055504396,0.0.1,49.822066; 24.057709
98,paused,1712055504396,0.0.1,49.822066; 24.057709
168,paused,1712055504396,0.0.1,49.822066; 24.057709
50,paused,1712055504396,0.0.1,49.822066; 24.057709
101,paused,1712055504396,0.0.1,49.822066; 24.057709
276,ok,1712055504396,0.0.1,49.822066; 24.057709
360,paused,1712055504396,0.0.1,49.822066; 24.057709
320,ok,1712055504396,0.0.1,49.822066; 24.057709
295,paused,1712055504396,0.0.1,49.822066; 24.057709
540,ok,1712055504396,0.0.1,49.822066; 24.057709
677,ok,1712055504396,0.0.1,49.822066; 24.057709
409,ok,1712055504396,0.0.1,49.822066; 24.057709
756,ok,1712055504396,0.0.1,49.822066; 24.057709
961,paused,1712055504396,0.0.1,49.822066; 24.057709
388,ok,1712055504396,0.0.1,49.822066; 24.057709
466,ok,1712055504396,0.0.1,49.822066; 24.057709
1,ok,1712055504396,0.0.1,49.822066; 24.057709
663,ok,1712055504396,0.0.1,49.822066; 24.057709
711,ok,1712055504396,0.0.1,49.822066; 24.057709
746,ok,1712055504396,0.0.1,49.822066; 24.057709
748,paused,1712055504396,0.0.1,49.822066; 24.057709
835,ok,1712055504396,0.0.1,49.822066; 24.057709
452,ok,1712055504396,0.0.1,49.822066; 24.057709
918,ok,1712055504396,0.0.1,49.822066; 24.057709
28,ok,1712055504396,0.0.1,49.822066; 24.057709
465,ok,1712055504396,0.0.1,49.822066; 24.057709
944,ok,1712055504396,0.0.1,49.822066; 24.057709
423,ok,1712055504396,0.0.1,49.822066; 24.057709
208,ok,1712055504396,0.0.1,49.822066; 24.057709
932,ok,1712055504396,0.0.1,49.822066; 24.057709
897,ok,1712055504396,0.0.1,49.822066; 24.057709
171,ok,1712055504396,0.0.1,49.822066; 24.057709
486,paused,1712055504396,0.0.1,49.822066; 24.057709
999,ok,1712055504396,0.0.1,49.822066; 24.057709
204,ok,1712055504396,0.0.1,49.822066; 24.057709
906,ok,1712055504396,0.0.1,49.822066; 24.057709
384,ok,1712055504396,0.0.1,49.822066; 24.057709
963,paused,1712055504396,0.0.1,49.822066; 24.057709
207,ok,1712055504396,0.0.1,49.822066; 24.057709
436,paused,1712055504396,0.0.1,49.822066; 24.057709
14,ok,1712055504396,0.0.1,49.822066; 24.057709
553,ok,1712055504396,0.0.1,49.822066; 24.057709
393,ok,1712055504396,0.0.1,49.822066; 24.057709
239,paused,1712055504396,0.0.1,49.822066; 24.057709
544,ok,1712055504396,0.0.1,49.822066; 24.057709
139,ok,1712055504396,0.0.1,49.822066; 24.057709
316,ok,1712055504396,0.0.1,49.822066; 24.057709
185,ok,1712055504396,0.0.1,49.822066; 24.057709
786,ok,1712055504396,0.0.1,49.822066; 24.057709
631,ok,1712055504396,0.0.1,49.822066; 24.057709
813,ok,1712055504396,0.0.1,49.822066; 24.057709
869,ok,1712055504396,0.0.1,49.822066; 24.057709
94,paused,1712055504396,0.0.1,49.822066; 24.057709
342,paused,1712055504396,0.0.1,49.822066; 24.057709
363,ok,1712055504396,0.0.1,49.822066; 24.057709
556,paused,1712055504396,0.0.1,49.822066; 24.057709
906,paused,1712055504396,0.0.1,49.822066; 24.057709
650,paused,1712055504396,0.0.1,49.822066; 24.057709
257,ok,1712055504396,0.0.1,49.822066; 24.057709
196,ok,1712055504396,0.0.1,49.822066; 24.057709
566,ok,1712055504396,0.0.1,49.822066; 24.057709
195,ok,1712055504396,0.0.1,49.822066; 24.057709
700,paused,1712055504396,0.0.1,49.822066; 24.057709
538,ok,1712055504396,0.0.1,49.822066; 24.057709
502,ok,1712055504396,0.0.1,49.822066; 24.057709
254,ok,1712055504396,0.0.1,49.822066; 24.057709
319,ok,1712055504396,0.0.1,49.822066; 24.057709
732,ok,1712055504396,0.0.1,49.822066; 24.057709
569,paused,1712055504396,0.0.1,49.822066; 24.057709
108,paused,1712055504396,0.0.1,49.822066; 24.057709
159,ok,1712055504396,0.0.1,49.822066; 24.057709
4,ok,1712055504396,0.0.1,49.822066; 24.057709
134,ok,1712055504396,0.0.1,49.822066; 24.057709
457,paused,1712055504396,0.0.1,49.822066; 24.057709
301,ok,1712055504396,0.0.1,49.822066; 24.057709
734,ok,1712055504396,0.0.1,49.822066; 24.057709
251,ok,1712055504396,0.0.1,49.822066; 24.057709
784,ok,1712055504396,0.0.1,49.822066; 24.057709
517,paused,1712055504396,0.0.1,49.822066; 24.057709
777,paused,1712055504396,0.0.1,49.822066; 24.057709
251,ok,1712055504396,0.0.1,49.822066; 24.057709
230,ok,1712055504396,0.0.1,49.822066; 24.057709
378,ok,1712055504396,0.0.1,49.822066; 24.057709
898,ok,1712055504396,0.0.1,49.822066; 24.057709
837,ok,1712055504396,0.0.1,49.822066; 24.057709
807,paused,1712055504396,0.0.1,49.822066; 24.057709
749,ok,1712055504396,0.0.1,49.822066; 24.057709
752,ok,1712055504396,0.0.1,49.822066; 24.057709
819,paused,1712055504396,0.0.1,49.822066; 24.057709
332,ok,1712055504396,0.0.1,49.822066; 24.057709
95,paused,1712055504396,0.0.1,49.822066; 24.057709
941,paused,1712055504396,0.0.1,49.822066; 24.057709
522,ok,1712055504396,0.0.1,49.822066; 24.057709
790,ok,1712055504396,0.0.1,49.822066; 24.057709
848,ok,1712055504396,0.0.1,49.822066; 24.057709
357,ok,1712055504396,0.0.1,49.822066; 24.057709
105,ok,1712055504396,0.0.1,49.822066; 24.057709
989,ok,1712055504396,0.0.1,49.822066; 24.057709
735,ok,1712055504396,0.0.1,49.822066; 24.057709
458,paused,1712055504396,0.0.1,49.822066; 24.057709
585,ok,1712055504396,0.0.1,49.822066; 24.057709
220,ok,1712055504396,0.0.1,49.822066; 24.057709
920,ok,1712055504396,0.0.1,49.822066; 24.057709
430,ok,1712055504396,0.0.1,49.822066; 24.057709
433,ok,1712055504396,0.0.1,49.822066; 24.057709
608,ok,1712055504396,0.0.1,49.822066; 24.057709
811,paused,1712055504396,0.0.1,49.822066; 24.057709
38,ok,1712055504396,0.0.1,49.822066; 24.057709
458,paused,1712055504396,0.0.1,49.822066; 24.057709
321,ok,1712055504396,0.0.1,49.822066; 24.057709
678,ok,1712055504396,0.0.1,49.822066; 24.057709
125,paused,1712055504396,0.0.1,49.822066; 24.057709
586,ok,1712055504396,0.0.1,49.822066; 24.057709
563,ok,1712055504396,0.0.1,49.822066; 24.057709
44,paused,1712055504396,0.0.1,49.822066; 24.057709
439,paused,1712055504396,0.0.1,49.822066; 24.057709
476,paused,1712055504396,0.0.1,49.822066; 24.057709
920,ok,1712055504396,0.0.1,49.822066; 24.057709
890,ok,1712055504396,0.0.1,49.822066; 24.057709
790,ok,1712055504396,0.0.1,49.822066; 24.057709
517,ok,1712055504396,0.0.1,49.822066; 24.057709
820,paused,1712055504396,0.0.1,49.822066; 24.057709
649,paused,1712055504396,0.0.1,49.822066; 24.057709
550,paused,1712055504396,0.0.1,49.822066; 24.057709
638,paused,1712055504396,0.0.1,49.822066; 24.057709
241,paused,1712055504396,0.0.1,49.822066; 24.057709
238,paused,1712055504396,0.0.1,49.822066; 24.057709
170,paused,1712055504396,0.0.1,49.822066; 24.057709
692,ok,1712055504396,0.0.1,49.822066; 24.057709
352,paused,1712055504396,0.0.1,49.822066; 24.057709
223,ok,1712055504396,0.0.1,49.822066; 24.057709
170,ok,1712055504396,0.0.1,49.822066; 24.057709
742,ok,1712055504396,0.0.1,49.822066; 24.057709
76,ok,1712055504396,0.0.1,49.822066; 24.057709
733,paused,1712055504396,0.0.1,49.822066; 24.057709
891,ok,1712055504396,0.0.1,49.822066; 24.057709
511,ok,1712055504396,0.0.1,49.822066; 24.057709
802,ok,1712055504396,0.0.1,49.822066; 24.057709
579,paused,1712055504396,0.0.1,49.822066; 24.057709
212,ok,1712055504396,0.0.1,49.822066; 24.057709
933,ok,1712055504396,0.0.1,49.822066; 24.057709
61,paused,1712055504396,0.0.1,49.822066; 24.057709
966,ok,1712055504396,0.0.1,49.822066; 24.057709
684,ok,1712055504396,0.0.1,49.822066; 24.057709
50,paused,1712055504396,0.0.1,49.822066; 24.057709
100,ok,1712055504396,0.0.1,49.822066; 24.057709
291,ok,1712055504396,0.0.1,49.822066; 24.057709
543,paused,1712055504396,0.0.1,49.822066; 24.057709
629,ok,1712055504396,0.0.1,49.822066; 24.057709
410,ok,1712055504396,0.0.1,49.822066; 24.057709
909,ok,1712055504396,0.0.1,49.822066; 24.057709
986,ok,1712055504396,0.0.1,49.822066; 24.057709
91,ok,1712055504396,0.0.1,49.822066; 24.057709
919,ok,1712055504396,0.0.1,49.822066; 24.057709
76,paused,1712055504396,0.0.1,49.822066; 24.057709
948,paused,1712055504396,0.0.1,49.822066; 24.057709
243,ok,1712055504396,0.0.1,49.822066; 24.057709
692,ok,1712055504396,0.0.1,49.822066; 24.057709
365,ok,1712055504396,0.0.1,49.822066; 24.057709
14,ok,1712055504396,0.0.1,49.822066; 24.057709
10,ok,1712055504396,0.0.1,49.822066; 24.057709
169,ok,1712055504396,0.0.1,49.822066; 24.057709
432,paused,1712055504396,0.0.1,49.822066; 24.057709
68,ok,1712055504396,0.0.1,49.822066; 24.057709
223,ok,1712055504396,0.0.1,49.822066; 24.057709
589,ok,1712055504396,0.0.1,49.822066; 24.057709
791,ok,1712055504396,0.0.1,49.822066; 24.057709
367,paused,1712055504396,0.0.1,49.822066; 24.057709
145,ok,1712055504396,0.0.1,49.822066; 24.057709
87,ok,1712055504396,0.0.1,49.822066; 24.057709
77,ok,1712055504396,0.0.1,49.822066; 24.057709
722,ok,1712055504396,0.0.1,49.822066; 24.057709
731,ok,1712055504396,0.0.1,49.822066; 24.057709
341,ok,1712055504396,0.0.1,49.822066; 24.057709
694,ok,1712055504396,0.0.1,49.822066; 24.057709
173,ok,1712055504396,0.0.1,49.822066; 24.057709
32,ok,1712055504396,0.0.1,49.822066; 24.057709
843,ok,1712055504396,0.0.1,49.822066; 24.057709
610,ok,1712055504396,0.0.1,49.822066; 24.057709
865,ok,1712055504396,0.0.1,49.822066; 24.057709
780,ok,1712055504396,0.0.1,49.822066; 24.057709
489,ok,1712055504396,0.0.1,49.822066; 24.057709
123,paused,1712055504396,0.0.1,49.822066; 24.057709
535,ok,1712055504396,0.0.1,49.822066; 24.057709
256,ok,1712055504396,0.0.1,49.822066; 24.057709
997,ok,1712055504396,0.0.1,49.822066; 24.057709
507,paused,1712055504396,0.0.1,49.822066; 24.057709
431,paused,1712055504396,0.0.1,49.822066; 24.057709
293,ok,1712055504396,0.0.1,49.822066; 24.057709
438,ok,1712055504396,0.0.1,49.822066; 24.057709
254,ok,1712055504396,0.0.1,49.822066; 24.057709
379,ok,1712055504396,0.0.1,49.822066; 24.057709
810,paused,1712055504396,0.0.1,49.822066; 24.057709
413,ok,1712055504396,0.0.1,49.822066; 24.057709
106,ok,1712055504396,0.0.1,49.822066; 24.057709
421,ok,1712055504396,0.0.1,49.822066; 24.057709
133,ok,1712055504396,0.0.1,49.822066; 24.057709
968,ok,1712055504396,0.0.1,49.822066; 24.057709
821,ok,1712055504396,0.0.1,49.822066; 24.057709
113,ok,1712055504396,0.0.1,49.822066; 24.057709
944,ok,1712055504396,0.0.1,49.822066; 24.057709
189,ok,1712055504396,0.0.1,49.822066; 24.057709
833,ok,1712055504396,0.0.1,49.822066; 24.057709
930,ok,1712055504396,0.0.1,49.822066; 24.057709
947,ok,1712055504396,0.0.1,49.822066; 24.057709
536,ok,1712055504396,0.0.1,49.822066; 24.057709
823,paused,1712055504396,0.0.1,49.822066; 24.057709
463,ok,1712055504396,0.0.1,49.822066; 24.057709
219,ok,1712055504396,0.0.1,49.822066; 24.057709
807,ok,1712055504396,0.0.1,49.822066; 24.057709
378,paused,1712055504396,0.0.1,49.822066; 24.057709
516,paused,1712055504396,0.0.1,49.822066; 24.057709
535,paused,1712055504396,0.0.1,49.822066; 24.057709
160,ok,1712055504396,0.0.1,49.822066; 24.057709
567,ok,1712055504396,0.0.1,49.822066; 24.057709
742,ok,1712055504396,0.0.1,49.822066; 24.057709
601,paused,1712055504396,0.0.1,49.822066; 24.057709
6,ok,1712055504396,0.0.1,49.822066; 24.057709
174,paused,1712055504396,0.0.1,49.822066; 24.057709
212,paused,1712055504396,0.0.1,49.822066; 24.057709
503,ok,1712055504396,0.0.1,49.822066; 24.057709
903,paused,1712055504396,0.0.1,49.822066; 24.057709
198,ok,1712055504396,0.0.1,49.822066; 24.057709
334,ok,1712055504396,0.0.1,49.822066; 24.057709
483,ok,1712055504396,0.0.1,49.822066; 24.057709
915,paused,1712055504396,0.0.1,49.822066; 24.057709
573,ok,1712055504396,0.0.1,49.822066; 24.057709
726,ok,1712055504396,0.0.1,49.822066; 24.057709
809,paused,1712055504396,0.0.1,49.822066; 24.057709
200,ok,1712055504396,0.0.1,49.822066; 24.057709
863,paused,1712055504396,0.0.1,49.822066; 24.057709
600,ok,1712055504396,0.0.1,49.822066; 24.057709
871,ok,1712055504396,0.0.1,49.822066; 24.057709
932,ok,1712055504396,0.0.1,49.822066; 24.057709
262,paused,1712055504396,0.0.1,49.822066; 24.057709
828,ok,1712055504396,0.0.1,49.822066; 24.057709
823,ok,1712055504396,0.0.1,49.822066; 24.057709
748,ok,1712055504396,0.0.1,49.822066; 24.057709
129,ok,1712055504396,0.0.1,49.822066; 24.057709
459,paused,1712055504396,0.0.1,49.822066; 24.057709
951,ok,1712055504396,0.0.1,49.822066; 24.057709
608,paused,1712055504396,0.0.1,49.822066; 24.057709
190,ok,1712055504396,0.0.1,49.822066; 24.057709
606,ok,1712055504396,0.0.1,49.822066; 24.057709
802,paused,1712055504396,0.0.1,49.822066; 24.057709
942,ok,1712055504396,0.0.1,49.822066; 24.057709
861,ok,1712055504396,0.0.1,49.822066; 24.057709
613,ok,1712055504396,0.0.1,49.822066; 24.057709
836,ok,1712055504396,0.0.1,49.822066; 24.057709
785,paused,1712055504396,0.0.1,49.822066; 24.057709
739,paused,1712055504396,0.0.1,49.822066; 24.057709
239,ok,1712055504396,0.0.1,49.822066; 24.057709
239,ok,1712055504396,0.0.1,49.822066; 24.057709
147,ok,1712055504396,0.0.1,49.822066; 24.057709
623,ok,1712055504396,0.0.1,49.822066; 24.057709
416,ok,1712055504396,0.0.1,49.822066; 24.057709
560,ok,1712055504396,0.0.1,49.822066; 24.057709
30,paused,1712055504396,0.0.1,49.822066; 24.057709
624,paused,1712055504396,0.0.1,49.822066; 24.057709
232,ok,1712055504396,0.0.1,49.822066; 24.057709
695,ok,1712055504396,0.0.1,49.822066; 24.057709
214,ok,1712055504396,0.0.1,49.822066; 24.057709
441,paused,1712055504396,0.0.1,49.822066; 24.057709
106,paused,1712055504396,0.0.1,49.822066; 24.057709
481,ok,1712055504396,0.0.1,49.822066; 24.057709
902,ok,1712055504396,0.0.1,49.822066; 24.057709
702,ok,1712055504396,0.0.1,49.822066; 24.057709
218,ok,1712055504396,0.0.1,49.822066; 24.057709
884,ok,1712055504396,0.0.1,49.822066; 24.057709
922,ok,1712055504396,0.0.1,49.822066; 24.057709
672,ok,1712055504396,0.0.1,49.822066; 24.057709
756,ok,1712055504396,0.0.1,49.822066; 24.057709
896,ok,1712055504396,0.0.1,49.822066; 24.057709
37,paused,1712055504396,0.0.1,49.822066; 24.057709
168,paused,1712055504396,0.0.1,49.822066; 24.057709
816,ok,1712055504396,0.0.1,49.822066; 24.057709
712,ok,1712055504396,0.0.1,49.822066; 24.057709
314,ok,1712055504396,0.0.1,49.822066; 24.057709
533,paused,1712055504396,0.0.1,49.822066; 24.057709
409,ok,1712055504396,0.0.1,49.822066; 24.057709
363,ok,1712055504396,0.0.1,49.822066; 24.057709
664,ok,1712055504396,0.0.1,49.822066; 24.057709
245,ok,1712055504396,0.0.1,49.822066; 24.057709
236,paused,1712055504396,0.0.1,49.822066; 24.057709
796,ok,1712055504396,0.0.1,49.822066; 24.057709
906,paused,1712055504396,0.0.1,49.822066; 24.057709
635,ok,1712055504396,0.0.1,49.822066; 24.057709
767,ok,1712055504396,0.0.1,49.822066; 24.057709
247,ok,1712055504396,0.0.1,49.822066; 24.057709
991,paused,1712055504396,0.0.1,49.822066; 24.057709
299,paused,1712055504396,0.0.1,49.822066; 24.057709
58,paused,1712055504396,0.0.1,49.822066; 24.057709
401,paused,1712055504396,0.0.1,49.822066; 24.057709
105,paused,1712055504396,0.0.1,49.822066; 24.057709
917,ok,1712055504396,0.0.1,49.822066; 24.057709