R0yS6,1712055505008,ok,253
4DY6,1712055505008,ok,103
dEYtl,1712055505008,ok,440
xAsIl,1712055505008,ok,83
s23PVlH,1712055505008,ok,429
5e428sE81,1712055505008,ok,719
Rg9GsRb,1712055505008,ok,746
2H2V5Fa,1712055505008,ok,36
LStRo,1712055505008,ok,915
udh9SEssS,1712055505008,ok,943
MTHwZcsO,1712055505008,alarm,226
M1pY9Lz,1712055505008,ok,754
SbPXgiazHt,1712055505008,ok,490
Lfa2,1712055505008,ok,404
5lJFgsI3c,1712055505008,alarm,352
EBzweumlj,1712055505008,ok,396
V3IY4D5,1712055505008,ok,44
1taIohNzt,1712055505008,ok,555
uIT3fR4Y,1712055505008,ok,60
Pes0Js7,1712055505008,ok,724
HGg5,1712055505008,ok,623
ZScy,1712055505008,ok,736
7723jfWv,1712055505008,ok,99
rlm8,1712055505008,ok,318
Z6c1Rxkf2,1712055505008,ok,85
VTJITUpUhH,1712055505008,ok,249
r91U,1712055505008,ok,912
sr1YqpNF0,1712055505008,ok,521
AEGr,1712055505008,ok,175
eM9SP,1712055505008,ok,217
SR9cfJImm8,1712055505008,ok,106
knldQ,1712055505008,ok,220
7W69xrMQ,1712055505008,ok,904
Fzhd0,1712055505008,ok,678
C4MYqsCqk,1712055505008,ok,964
SWE1bR,1712055505008,ok,854
wLmj,1712055505008,ok,809
5ne4wNkhF,1712055505008,ok,139
UbNat,1712055505008,ok,794
CQR16,1712055505008,ok,677
uGXiDDxv,1712055505008,alarm,658
6L9y,1712055505008,ok,960
QXaxNZJ,1712055505008,ok,693
f4gYe9,1712055505008,ok,532
ae1L3tWiat,1712055505008,ok,680
xArnjhON,1712055505008,ok,212
D7LMKO9c9,1712055505008,ok,868
iQjj,1712055505008,ok,437
41DV5AaO,1712055505008,ok,512
gyDpM,1712055505008,ok,500
D9UC,1712055505008,ok,145
wwIs1,1712055505008,ok,342
y5tOy,1712055505008,ok,512
pp92H8dw,1712055505008,ok,224
1IcfoYN405,1712055505008,ok,510
ibb4vS,1712055505008,ok,843
8uAY42,1712055505008,alarm,774
VQtAzo07,1712055505008,ok,984
Sk6H4X8,1712055505008,ok,113
Zi5o,1712055505008,ok,164
2GrUwP2x9,1712055505008,alarm,370
kBUJ0J,1712055505008,ok,377
h9xvCJA,1712055505008,ok,446
3E3ZWH,1712055505008,ok,996
iG77KRrL,1712055505008,ok,732
sub70qx,1712055505008,ok,311
uP5F2j6,1712055505008,ok,846
OTo57Sv,1712055505008,ok,560
KpK9Fs3GX,1712055505008,alarm,155
T0rBptkfaT,1712055505008,ok,141
Dlab3J,1712055505008,ok,58
M0kgEu,1712055505008,ok,693
7MJ0,1712055505008,ok,424
cHWSkO,1712055505008,ok,201
CjVH7VnK,1712055505008,ok,146
eDBql,1712055505008,ok,932
kjvJ7eKCl,1712055505008,alarm,207
tMV1rD,1712055505008,ok,422
Kv4jY0poVK,1712055505008,alarm,874
R2DsytQR,1712055505008,ok,701
7TqikIvh,1712055505008,alarm,184
SGIFA170,1712055505008,ok,902
lbRZXK,1712055505008,ok,822
dYSIG,1712055505008,ok,574
Uk9e8c,1712055505008,ok,840
kYaFH,1712055505008,alarm,974
zmkbeyFEA,1712055505008,ok,397
i2Ck98g,1712055505008,ok,1
UprzD,1712055505008,ok,53
wvZ6Stk3,1712055505008,ok,711
zMag,1712055505008,ok,169
pSWQ999TR,1712055505008,ok,247
wwHS,1712055505008,ok,765
wrBYC,1712055505008,ok,888
yLym,1712055505008,ok,825
RmKh2,1712055505008,alarm,936
OsQFo,1712055505008,ok,412
w3sCZVVT,1712055505008,ok,212
Yzp5dJ1H,1712055505008,alarm,177
HeqBX,1712055505008,ok,201
2QBM9wwtNJ,1712055505008,ok,950
DlpGU1VS,1712055505008,ok,131
xzE0Kg1I,1712055505008,ok,479
HKGXkyY,1712055505008,ok,207
nKXh,1712055505008,ok,205
YBHIq,1712055505008,ok,412
CAJEghdarb,1712055505008,ok,883
n0tOw,1712055505008,ok,314
2L9Yd799Uo,1712055505008,ok,643
uykhZQrl4U,1712055505008,ok,25
5l95VoVEa,1712055505008,ok,20
wwXxsHI,1712055505008,ok,948
PRFK9NzeL,1712055505008,ok,973
PM1odFM4,1712055505008,ok,937
8jrTYw,1712055505008,ok,913
zpEquFkM1,1712055505008,alarm,279
EkfyuZN,1712055505008,ok,79
vzzDkEW,1712055505008,ok,571
Uybly,1712055505008,ok,25
5BU0SK,1712055505008,ok,264
iKbhxzXe,1712055505008,ok,302
AYbfl,1712055505008,ok,901
yy1XsEg7zc,1712055505008,ok,504
5mU2D,1712055505008,alarm,183
O4dY,1712055505008,ok,814
nxsOGpeV,1712055505008,ok,490
gwhT5,1712055505008,alarm,514
yIFBWaeccg,1712055505008,ok,615
PrhNe,1712055505008,ok,645
THYkY,1712055505008,alarm,748
Kx1L,1712055505008,ok,375
rC7fx,1712055505008,ok,999
WDOLCOx,1712055505008,ok,400
Y2Es0R,1712055505008,alarm,993
eewEue,1712055505008,ok,258
3sGCr,1712055505008,ok,363
7dX8sOlR,1712055505008,ok,815
mP7Aq9Y8u,1712055505008,alarm,322
WJDmfav3,1712055505008,ok,480
mPlOg6i,1712055505008,ok,470
MDDhNa,1712055505008,ok,254
10ny6T,1712055505008,ok,944
ytcN5z,1712055505008,ok,909
8Rwhw,1712055505008,ok,456
p9VhXgA8,1712055505008,alarm,753
YkH1X2s,1712055505008,ok,978
tuIl,1712055505008,ok,723
F8qZMUxAkv,1712055505008,ok,303
czCHyR3ie,1712055505008,ok,66
y0G7,1712055505008,ok,283
ZbvT23,1712055505008,ok,93
dYySOE8SpX,1712055505008,ok,292
qF5MYnP1F,1712055505009,ok,786
ctreEZx,1712055505009,ok,214
xL7wbFBW1N,1712055505009,ok,112
ktJqFSp0Rq,1712055505009,ok,74
ULcyy,1712055505009,ok,134
NrOKwx,1712055505009,ok,306
s9W5sQNVP,1712055505009,ok,782
YyiDJCn3O,1712055505009,ok,386
zVTLmb26Rh,1712055505009,ok,216
wFK3z,1712055505009,ok,99
ApSAfhzSO,1712055505009,alarm,23
tS1RGo,1712055505009,ok,243
xgDaOC3i,1712055505009,ok,380
2kvm8vR4,1712055505009,ok,650
i4iicyhkZu,1712055505009,ok,799
atvQUUZ,1712055505009,alarm,217
DeCpFEmg,1712055505009,ok,203
CtcuWfkMuR,1712055505009,ok,140
Hqj0,1712055505009,ok,712
ROOlbUFTS,1712055505009,ok,566
OeruTW2B,1712055505009,ok,26
F3BAVIsy,1712055505009,ok,363
Dam9,1712055505009,ok,32
7UFGb,1712055505009,ok,425
LwbITdZkJ0,1712055505009,ok,175
Ef6sBcfLVH,1712055505009,ok,605
L0EXQBbJQ,1712055505009,ok,384
ufqfH,1712055505009,ok,997
yngjEsBJwq,1712055505009,ok,307
8Ur4dz2SU,1712055505009,ok,338
iHh195,1712055505009,ok,665
GaCCV,1712055505009,ok,138
sqgKGD7j,1712055505009,ok,246
bx7sJX9r,1712055505009,ok,548
mbT0p8g4,1712055505009,ok,474
s9YBApaV0,1712055505009,ok,887
z1sdbYX,1712055505009,ok,101
GL7s7,1712055505009,ok,252
XDT6T9RwS,1712055505009,ok,839
lhG0lGnPvb,1712055505009,ok,211
MB2et1,1712055505009,ok,48
dRVzbV,1712055505009,alarm,155
4WpBqJI12,1712055505009,alarm,171
1wQFI,1712055505009,ok,27
bt4ONV0,1712055505009,ok,295
wa2Gsm2RVu,1712055505009,ok,466
OFagYyky,1712055505009,ok,742
oNwfM,1712055505009,alarm,402
9dW5JZPTkX,1712055505009,ok,462
cEbtw,1712055505009,ok,253
XtCFhB1,1712055505009,ok,194
LIzrtE,1712055505009,ok,179
Ll7eUTO,1712055505009,ok,295
kv0h,1712055505009,ok,375
9ycTsNk,1712055505009,alarm,559
xkzreZx,1712055505009,ok,8
o16XsdJXMz,1712055505009,ok,64
I2A3ZxkKt1,1712055505009,ok,632
F81QLiNhP,1712055505009,ok,762
PmdbPgiu,1712055505009,ok,683
bzfMzl,1712055505009,ok,257
851Sqrlsd,1712055505009,ok,175
mBJN,1712055505009,ok,118
Dzla,1712055505009,ok,877
2N2K7,1712055505009,ok,115
B7Hzt,1712055505009,ok,774
gAG5rSgsE,1712055505009,ok,569
uQOU59h,1712055505009,ok,894
lT2LvLj,1712055505009,alarm,470
TC8uFuFoV,1712055505009,ok,221
5Dm4wmb7,1712055505009,ok,907
9iwHDmc,1712055505009,alarm,801
PCSDo42j,1712055505009,ok,146
I6e5QpPCjC,1712055505009,ok,856
1ArkgZHA,1712055505009,ok,661
Rw2Do1,1712055505009,ok,597
nw1mUqJ,1712055505009,ok,130
Sd2vq,1712055505009,ok,413
rIyxsXq,1712055505009,ok,885
TMH0e2,1712055505009,ok,535
gSBTqab8G4,1712055505009,ok,86
U1y6,1712055505009,ok,253
9lgV,1712055505009,ok,150
2OEODT,1712055505009,ok,445
KYloF,1712055505009,ok,992
CdMfCB1zRA,1712055505009,ok,215
cGx3pPSM,1712055505009,ok,265
FQzP6BOt,1712055505009,ok,104
XNMeBCA4bs,1712055505009,ok,515
6SdDBW5c6R,1712055505009,ok,252
zgcm,1712055505009,ok,939
yhhl9a,1712055505009,ok,181
lSPUrg,1712055505009,ok,417
Q4V2,1712055505009,ok,690
VG1Xl3,1712055505009,alarm,463
gHAJTfWON,1712055505009,ok,639
xMhD7sNuAw,1712055505009,ok,116
tj68qR,1712055505009,ok,815
pVRZ1BLHS,1712055505009,ok,41
QUtMSKNGku,1712055505009,alarm,812
Vmd0v0tC,1712055505009,ok,100
GvmUiB2cp,1712055505009,ok,296
J34t,1712055505009,ok,846
mSJU,1712055505009,ok,315
8suSpPpDOY,1712055505009,alarm,656
4bf4J,1712055505009,ok,744
2iA1gla,1712055505009,ok,736
8Qx4i8Ke,1712055505009,ok,329
0DGTi9T,1712055505009,ok,838
9Sccdz,1712055505009,ok,468
VLadW5ulZC,1712055505009,ok,75
SgbPD,1712055505009,ok,909
pdhd,1712055505009,alarm,378
bHeLnRqjoN,1712055505009,ok,264
TiGr,1712055505009,ok,764
I0IjTSJ,1712055505009,ok,776
OzeKY,1712055505009,ok,795
NXRJKtBg,1712055505009,ok,782
hShXtWBbRV,1712055505009,ok,346
xu2z9,1712055505009,ok,203
hFOL,1712055505009,ok,200
Gthj,1712055505009,ok,941
zXeNas,1712055505009,ok,485
ZF7mq,1712055505009,ok,72
leDAFs,1712055505009,ok,456
mZXj,1712055505009,ok,153
edImDvfn,1712055505009,ok,622
pxvq6NOR,1712055505009,ok,492
KOrUNAqeiW,1712055505009,ok,693
EoSlwmgT,1712055505009,ok,41
7xtLG7r3Gh,1712055505009,ok,308
OBoFwT,1712055505009,ok,638
p54mah6Wph,1712055505009,alarm,54
cGL4jC7d,1712055505009,ok,870
a6J81wBr,1712055505009,ok,633
gfk1QksZG9,1712055505009,ok,225
PcmmDZ,1712055505009,ok,895
Fauxipgg9h,1712055505009,ok,927
GVN1VBACXL,1712055505009,ok,523
GvMsupFy,1712055505009,ok,266
TmRJMn,1712055505009,ok,453
gl03Q9e0x,1712055505009,alarm,287
1LQVWS9pR,1712055505009,ok,863
Cqebpb0KlY,1712055505009,alarm,760
9qCz2b3Ou,1712055505009,alarm,347
q6aqwjbaz,1712055505009,ok,341
T245,1712055505009,ok,599
7abyAwKdci,1712055505009,ok,692
GtY8KMZ8n,1712055505009,ok,502
WBOkFtL7k,1712055505009,ok,335
no4TF,1712055505009,ok,923
ZVDwzuA,1712055505009,ok,867
edVS,1712055505009,ok,696
p9VUKogB1,1712055505009,ok,321
i6uRavQ,1712055505009,ok,104
EOBtr,1712055505009,ok,552
dDRBX,1712055505009,ok,49
nmdl8P4,1712055505009,ok,619
FRjUsIg,1712055505009,alarm,783
xWeCa91po,1712055505009,ok,737
vogJUnpZ,1712055505009,ok,675
tNLFqhu,1712055505009,ok,424
FGp1,1712055505009,ok,571
fyr2iLv,1712055505009,ok,402
Kzj0fGN,1712055505009,ok,276
dO1TXw3Ux,1712055505009,ok,221
ilUg,1712055505009,ok,54
ZpIlIBF5ig,1712055505009,ok,562
t7JxpZO2xY,1712055505009,ok,499
Hi1290ksn,1712055505009,ok,61
WRWBR,1712055505009,ok,310
sl5g7tt,1712055505009,ok,152
7YNzT,1712055505009,ok,944
ZF7X5g5NIX,1712055505009,ok,129
xsmeUZp,1712055505009,ok,221
BX1Px6V,1712055505009,ok,422
RgwJRRme,1712055505009,ok,528
ZrGl91,1712055505009,ok,746
sw3do9gBc,1712055505009,ok,36
mZWq2CC,1712055505009,alarm,322
xslW,1712055505009,ok,979
l6WwhROGQZ,1712055505009,ok,874
qF7dZYMtj,1712055505009,ok,534
aVAP8ZLrV7,1712055505009,ok,794
4d5N,1712055505009,ok,325
E6kbk04cL,1712055505009,ok,521
IFqGlB,1712055505009,ok,477
lvWfYO,1712055505009,ok,849
AXUZRnW,1712055505009,ok,43
dnkS,1712055505009,ok,112
F9TIiLxld,1712055505009,ok,501
JXam,1712055505009,ok,28
xVUvhH3WfU,1712055505009,ok,962
yekm,1712055505009,ok,54
Ps7WnYj,1712055505009,ok,836
MBeXsgxJzV,1712055505009,ok,692
97t1dTv,1712055505009,ok,83
GDPFAzhYf,1712055505009,ok,771
RCC4czn,1712055505009,ok,500
MFKGRM,1712055505009,ok,682
VFyEUZF,1712055505009,ok,585
WUylH3,1712055505009,ok,770
c2yqw,1712055505009,ok,939
fE9RyNL,1712055505009,ok,409
gqJ5,1712055505009,ok,374
AswdX,1712055505009,ok,385
pSyMQa,1712055505009,ok,473
FetBfw,1712055505009,alarm,300
fvZIz1dF6l,1712055505009,ok,32
5r8AQ,1712055505009,alarm,419
TqQXTWnTHb,1712055505009,ok,646
2fnbw,1712055505009,ok,403
pxPH2fl5O6,1712055505009,ok,964
jhvmn,1712055505009,ok,881
HzeODMrU,1712055505009,ok,267
gOSXu3t,1712055505009,alarm,395
cgte,1712055505009,ok,411
KB3al3Z,1712055505009,ok,742
e2Es8m2wdA,1712055505009,ok,854
XLnb,1712055505009,ok,416
W0HRP5V,1712055505009,ok,203
smP1XQVj,1712055505009,ok,793
1a9f83G8b,1712055505009,ok,228
zMQcc0T1Fz,1712055505009,ok,860
vzf1O,1712055505009,ok,500
hQ1IaML4,1712055505009,ok,570
egQkP,1712055505009,ok,291
FkiEkT0c,1712055505009,ok,630
waDu,1712055505009,alarm,292
8rZRb,1712055505009,ok,934
0VhUys,1712055505009,ok,158
IY9n,1712055505009,ok,555
CXigmt,1712055505009,ok,331
5SIU9j3,1712055505009,ok,762
oiSUZ55Now,1712055505009,ok,407
mxwWRO,1712055505009,ok,969
yEzv1f2Arq,1712055505009,ok,363
qJfcW1dCi,1712055505009,ok,742
V3XS,1712055505009,ok,258
SU6usyyX,1712055505009,ok,769
Dbsj2Lk23D,1712055505009,ok,412
VyEpZlDDl,1712055505009,ok,466
SF87KAB,1712055505009,ok,910
jaKLWXv,1712055505009,ok,325
2GyxtYw6yL,1712055505009,ok,582
LaxiRCjQ,1712055505009,ok,676
7gEw,1712055505009,alarm,271
haf1,1712055505009,ok,799
VqZE9,1712055505009,ok,192
wX8SC,1712055505009,ok,771
5xQHUue,1712055505009,ok,840
UFXKbCZ3Mv,1712055505009,ok,53
t6Koy,1712055505009,alarm,741
Majjyil,1712055505009,ok,604
DzuvP,1712055505009,ok,912
WGbuA7G45G,1712055505009,ok,674
Y2k1G9GK,1712055505009,alarm,649
uwJ7ALHIz,1712055505009,ok,888
EzPmNyKGK,1712055505009,ok,467
RMJh,1712055505009,ok,813
qiQKe2r,1712055505009,ok,850
nm4WsQOoC,1712055505009,ok,566
iJ2Ra33Rtl,1712055505009,alarm,803
dR1v,1712055505009,ok,980
ylSG,1712055505009,ok,306
UV07NYGAA,1712055505009,ok,221
y3onHRkDUC,1712055505009,ok,390
cudJi22L,1712055505009,ok,83
927J,1712055505009,ok,607
9YE2x2,1712055505009,ok,234
uz747LSSz3,1712055505009,ok,184
CkIX2,1712055505009,ok,279
IMcwVi,1712055505009,ok,622
fVKoJqtS5,1712055505009,ok,624
3jSqYbb,1712055505009,ok,17
ihQft,1712055505009,ok,307
sK5Tbo,1712055505009,ok,673
Z4Bdy1mt0H,1712055505009,ok,151
M5SufiVM1,1712055505009,ok,160
WaslkBMx,1712055505009,ok,399
wTBGoEHz,1712055505009,ok,337
uxyk1oH,1712055505009,ok,90
gK4qJgcuFh,1712055505009,ok,925
gOYk,1712055505009,ok,366
XEBIP,1712055505009,ok,259
Ogrh4,1712055505009,ok,197
kewrwPPLd,1712055505009,ok,624
CZ1c,1712055505009,ok,63
LY65J9pi,1712055505009,ok,412
QMRBsb9rh7,1712055505009,ok,513
Q5bpb,1712055505009,alarm,125
dmySUq,1712055505009,ok,910
WOU9AYfQa,1712055505009,ok,767
yZ3PDY6Ye4,1712055505009,ok,812
IsPfaR1y,1712055505009,ok,984
jwtxqnYp,1712055505009,alarm,489
nhPblcr8,1712055505009,ok,904
oyeN8tB,1712055505009,ok,489
smtUNPvBIM,1712055505009,ok,557
sxQt,1712055505009,ok,774
dNZGBY,1712055505009,ok,675
BUX8NfzEf,1712055505009,ok,579
kU9XahnvT,1712055505009,ok,510
cYU881WAtr,1712055505009,ok,685
SfHnxu9K,1712055505009,ok,362
v8jAe59Y,1712055505009,ok,382
tVkQXRO,1712055505009,ok,470
B7l7,1712055505009,ok,534
dUs4LSvM,1712055505009,ok,163
B6Gj7,1712055505009,ok,811
oHONAVQa,1712055505009,ok,723
y21CyjabWq,1712055505009,ok,779
h46mdcC,1712055505009,ok,208
LQTuM,1712055505009,ok,369
Mvxmp,1712055505009,ok,357
QxGeLl8P4x,1712055505009,ok,152
F0viM,1712055505009,ok,241
Ryu0,1712055505009,ok,169
ZIbtB,1712055505009,ok,44
6sDzd0Q,1712055505009,ok,818
tUSNYMKu,1712055505009,ok,252
ceimuASPby,1712055505009,ok,733
CyJAGQx,1712055505009,alarm,289
i0x7s3a,1712055505009,ok,847
1M4H,1712055505009,ok,428
nxNepm,1712055505009,alarm,935
o6A7QHOo,1712055505009,ok,646
RlSVNhU,1712055505009,ok,262
a6v28YPT,1712055505009,ok,405
l658ImIdci,1712055505009,ok,510
afErX,1712055505009,ok,66
Q9sHXY,1712055505009,ok,176
S0jLbI,1712055505009,alarm,393
mCmaqhM,1712055505009,ok,347
TH3yky,1712055505009,ok,416
1goZ3rvVu,1712055505009,ok,788
xhZyj3,1712055505009,ok,615
KS8Oa4WvA,1712055505009,ok,164
HDTdOE,1712055505009,alarm,218
pyFmgk,1712055505009,ok,25
2fEpWk,1712055505009,ok,258
QImC,1712055505009,ok,826
Mnx6N,1712055505009,ok,456
UDnT,1712055505009,ok,856
Tp3OkJQg,1712055505009,ok,179
lCh55,1712055505009,ok,227
BTw5gN7gQD,1712055505009,ok,160
6ybY,1712055505009,ok,937
P24a8Z,1712055505009,ok,741
5wIgtej5,1712055505009,ok,423
du4spq2M,1712055505009,ok,306
tyaPWcS,1712055505009,ok,668
O4Kwm,1712055505009,ok,250
cwdp2rQq,1712055505009,ok,288
vRnt6Vng7V,1712055505009,ok,824
1cSNF,1712055505009,ok,133
8h1PXL,1712055505009,ok,275
FQYIEPae,1712055505009,ok,610
9O9YjyF,1712055505009,ok,324
mXQ1FH,1712055505009,alarm,719
Jb8PoVf,1712055505009,ok,506
31dy9DHJ,1712055505009,ok,276
rMVvEu3,1712055505009,ok,911
kYnznCd,1712055505009,ok,791
kLk6U9Cs,1712055505009,alarm,372
30gX,1712055505009,ok,739
9XHHe,1712055505009,ok,613
M450kFHnj,1712055505009,ok,602
8wQjYuRcbL,1712055505009,ok,736
13cFJzqwO,1712055505009,ok,648
4nNdJVZ,1712055505009,ok,657
eYuoXR,1712055505009,ok,29
CZ9DT,1712055505009,alarm,732
poI5,1712055505009,ok,112
HACzrCu,1712055505009,ok,673
oGRbDhycu,1712055505009,ok,971
y7bvA,1712055505009,ok,83
Uwyx,1712055505009,ok,85
6kpW,1712055505009,ok,97
BEv1fFofVm,1712055505009,ok,241
B2v5jnV,1712055505009,ok,555
Nb7KAlRum3,1712055505009,ok,846
G6pgqg3evS,1712055505009,ok,217
qehQgrz7,1712055505009,alarm,974
cz1Zl,1712055505009,ok,641
xhYF,1712055505009,ok,430
4roCTw9kJI,1712055505009,ok,76
ECMkM,1712055505009,ok,640
jXBUH,1712055505009,ok,972
rp4tdQin,1712055505009,alarm,901
lWSmHGHg,1712055505009,ok,986
ndvRvJMgtz,1712055505009,ok,188
9Sq6hcUe,1712055505009,ok,83
B1XKR716,1712055505009,ok,146
LgDNG7,1712055505009,ok,821
su2Vnxui9,1712055505009,ok,384
Wz8qv,1712055505009,ok,67
8ZW8ek7o,1712055505010,ok,998
VhahE,1712055505010,alarm,291
6ns0KA0I8b,1712055505010,ok,538
94zc9s3,1712055505010,ok,751
wSJhuQKG,1712055505010,ok,239
DcWSx4Gv2N,1712055505010,ok,232
j6BEL7p,1712055505010,ok,451
ljuQL,1712055505010,ok,566
SPrp,1712055505010,ok,141
atC42XQ1,1712055505010,alarm,338
SlAZV5yN,1712055505010,ok,313
3VeNmWqP,1712055505010,ok,889
ynBiVp,1712055505010,ok,281
qpCxDI,1712055505010,ok,386
h4H8p,1712055505010,ok,561
w0qV9,1712055505010,alarm,431
rKSlCkwOFI,1712055505010,alarm,659
C4wqe,1712055505010,ok,47
NFwm,1712055505010,ok,748
0mOOKcx8l,1712055505010,ok,424
Cq2sdy,1712055505010,ok,829
Y2qj,1712055505010,ok,548
EagmXIN,1712055505010,ok,16
Us8DHvGzB,1712055505010,ok,768
h5nBA,1712055505010,ok,276
4BEVkSz8Gn,1712055505010,ok,282
ZY7C4R,1712055505010,alarm,96
wPcbylJQ,1712055505010,ok,859
6ai0Xk,1712055505010,ok,469
So9RJDW,1712055505010,alarm,549
iy88kp6bA,1712055505010,ok,951
1AKbh4ARx,1712055505010,ok,424
nBXoq,1712055505010,ok,129
81HebR5sgL,1712055505010,ok,929
aqqm79LnOr,1712055505010,ok,283
7bkyvUSmZg,1712055505010,ok,840
1e3XyEWz,1712055505010,alarm,11
JOPg,1712055505010,ok,246
ZgIuJh,1712055505010,ok,415
s4i5,1712055505010,ok,103
LMWTPSth5,1712055505010,ok,329
egRk,1712055505010,ok,513
L1WHFw3MF,1712055505010,alarm,920
eB9DybFoQ0,1712055505010,ok,237
clsce,1712055505010,alarm,227
VjoiIKOhc,1712055505010,ok,513
TQrw,1712055505010,ok,75
x32SvbjuEb,1712055505010,ok,574
g2MOrS,1712055505010,ok,248
I3Zx0C,1712055505010,ok,685
dExsT5jwP,1712055505010,ok,100
w88yrqo,1712055505010,alarm,617
vtCrC,1712055505010,ok,835
A1Tee,1712055505010,ok,216
UFAg49h,1712055505010,ok,980
CQxKoP71B,1712055505010,ok,157
UGItTUau,1712055505010,ok,621
2y4q,1712055505010,ok,739
Saw5v8q,1712055505010,ok,936
6hUHMWL,1712055505010,ok,754
PKlt,1712055505010,ok,2
WNp4BOa,1712055505010,ok,619
SkdbT0,1712055505010,alarm,405
GaeXTknRQ,1712055505010,ok,246
56Zy,1712055505010,ok,961
Pz9QJw,1712055505010,ok,875
AYSUpG,1712055505010,ok,830
dAKIlWVH,1712055505010,ok,468
CALl,1712055505010,ok,293
CqWu,1712055505010,ok,4
ckJy4L,1712055505010,ok,628
DikMp,1712055505010,ok,279
W00D,1712055505010,ok,312
Q2IT7,1712055505010,ok,363
SJlJw,1712055505010,ok,169
VKrWadzsk,1712055505010,ok,616
tJ7o5,1712055505010,ok,875
uqxJLe,1712055505010,ok,641
zk6IcjCSm,1712055505010,alarm,523
pakjBFPsJb,1712055505010,ok,224
ecKuTKkh,1712055505010,ok,563
fqni,1712055505010,ok,835
0eAkz,1712055505010,ok,381
2BMZkvg,1712055505010,ok,357
kDqVmW,1712055505010,ok,839
N83KAF2,1712055505010,ok,16
lKVYW,1712055505010,alarm,244
4ymsJjFH,1712055505010,ok,805
kHhSpOxN,1712055505010,ok,776
a5pUa,1712055505010,ok,511
Ei0uPceLr,1712055505010,ok,934
8j8LBKp,1712055505010,alarm,992
rjfM,1712055505010,ok,672
wfzw5l35T,1712055505010,alarm,848
iC96Ln,1712055505010,ok,874
lmwtXaT,1712055505010,ok,685
XBtdj7,1712055505010,ok,852
J0V2kdME,1712055505010,ok,125
4BW8U5AwH,1712055505010,ok,946
pKR8k,1712055505010,ok,393
3zzV5eTv,1712055505010,ok,997
VXPv2iJ,1712055505010,ok,336
EKcARnbDf,1712055505010,ok,747
oO6z,1712055505010,ok,319
BDGKn4T,1712055505010,ok,453
R4c7zKEPn,1712055505010,ok,899
YvVMv7LjY,1712055505010,ok,253
vXNpP7,1712055505010,ok,3
43bRP4,1712055505010,ok,187
DkrFAtBVyH,1712055505010,ok,215
MIWeh,1712055505010,alarm,769
usOI,1712055505010,ok,65
2OKIBHvhsK,1712055505010,ok,793
I8Zw55bEKQ,1712055505010,ok,305
UqVm,1712055505010,ok,959
ToUazwKFYi,1712055505010,ok,51
0IkHOM,1712055505010,ok,126
oUo9e1RRaH,1712055505010,ok,666
JfYj,1712055505010,ok,215
oHwYIaT6O,1712055505010,ok,154
jaTbVSzl,1712055505010,ok,451
WVqptcIl,1712055505010,ok,912
ZtsT,1712055505010,ok,828
Ogcv,1712055505010,ok,288
P9jd,1712055505010,ok,821
eoYTrr7R,1712055505010,ok,258
000pO,1712055505010,ok,524
oCVn8,1712055505010,alarm,898
lVyz,1712055505010,ok,933
aLAYS,1712055505010,ok,985
SYbFiA,1712055505010,ok,979
aC8w,1712055505010,ok,269
Xoeq,1712055505010,ok,502
zPFE6DW,1712055505010,ok,403
7FQvKgh,1712055505010,ok,658
RXmXkusO,1712055505010,ok,715
cArBW0O,1712055505010,ok,772
PMx9P,1712055505010,ok,725
kUqKV1,1712055505010,ok,66
F8tD,1712055505010,ok,474
BKebM,1712055505010,ok,270
fHB7,1712055505010,alarm,590
EYFYU,1712055505010,alarm,484
oFU9KAW,1712055505010,alarm,126
nUYYkN,1712055505010,ok,848
1Kmm,1712055505010,ok,662
w1zp1k,1712055505010,ok,184
rg6P6,1712055505010,ok,801
G5QM,1712055505010,ok,58
MaeOqXKL,1712055505010,ok,556
X1ghFN599,1712055505010,ok,253
JJFuh,1712055505010,ok,317
SQ70,1712055505010,ok,296
yqGQMfO15,1712055505010,ok,366
eymF,1712055505010,ok,28
cO7V1,1712055505010,ok,61
tqn1ytFRoc,1712055505010,ok,866
YFwCn,1712055505010,ok,550
Q05y4eX,1712055505010,alarm,860
CzcjkC,1712055505010,ok,183
Po1x9,1712055505010,ok,246
g13wg8ApVB,1712055505010,ok,312
frXlRE,1712055505010,ok,207
MaeOps,1712055505010,alarm,180
Fxz5iIoPY3,1712055505010,ok,357
JEcXE,1712055505010,ok,706
jo9wy0e,1712055505010,ok,612
T4Kwy,1712055505010,ok,534
N35khwocj,1712055505010,ok,783
X86u3,1712055505010,ok,732
oVyBp,1712055505010,ok,600
4TJUspMaKF,1712055505010,ok,498
1AYy5T,1712055505010,ok,862
cVdUHL,1712055505010,ok,251
zG7d5iFyo,1712055505010,ok,411
YIe2BrZp,1712055505010,ok,62
Qg3R,1712055505010,ok,516
IE8oHNtC6,1712055505010,ok,214
BeRQ,1712055505010,ok,435
MpSqs,1712055505010,ok,935
CQUQO07GY,1712055505010,ok,717
HgKHCvcIK,1712055505010,ok,348
QLvkLX1M,1712055505010,ok,757
s1Ve,1712055505010,ok,5
oRquSiXC,1712055505010,ok,502
G4EPb,1712055505010,alarm,117
PHf6m3,1712055505010,ok,362
W7AZ6frMC,1712055505010,ok,300
T1f37UP,1712055505010,ok,725
kvzPI,1712055505010,ok,699
Vp0Wp,1712055505010,ok,65
iSQdqPi,1712055505010,ok,282
f299TdqXEL,1712055505010,ok,545
wbMmXY7,1712055505010,ok,241
H6VJd,1712055505010,ok,958
any4UoQpJj,1712055505010,alarm,469
hgFP6v,1712055505010,ok,694
RbME,1712055505010,ok,891
qkLNxG,1712055505010,ok,199
kCxunMrr,1712055505010,alarm,589
bkP9pU,1712055505010,ok,258
ErYnWP739L,1712055505010,ok,154
YYBMaE6i1,1712055505010,alarm,195
5Xr0I2dhY,1712055505010,ok,659
l4yZm8,1712055505010,ok,753
l7WEm,1712055505010,ok,289
nXroO46s,1712055505010,ok,803
se7dzgV9T,1712055505010,ok,919
8RLDvD,1712055505010,ok,853
K7xigrD6S,1712055505010,ok,165
krDLh,1712055505010,ok,645
xa3lGFt,1712055505010,ok,277
DAug,1712055505010,ok,487
F1LpkoB,1712055505010,alarm,666
p9TcqTQZ9,1712055505010,ok,866
uJOB7FR,1712055505010,ok,933
JIvDsofF,1712055505010,alarm,586
k0Wm2az,1712055505010,ok,744
kYc4Si,1712055505010,ok,82
nIEcJczG,1712055505010,ok,242
Zt1TuMW2,1712055505010,ok,173
S90U2HxD0,1712055505010,ok,435
96IgEby,1712055505010,ok,603
azTkhdKV,1712055505010,ok,641
rqPSb,1712055505010,ok,745
mFLfx0bw,1712055505010,ok,677
kAq7dg,1712055505010,ok,460
KfKFvEBC,1712055505010,ok,712
QqmCQpu1J,1712055505010,ok,574
vTEHOi,1712055505010,ok,957
HAQqfp5Fxv,1712055505010,ok,941
qBtvSjR2b,1712055505010,ok,594
3LZ7sD,1712055505010,ok,86
zCxmu,1712055505010,ok,161
qn8P,1712055505010,ok,324
xr8m,1712055505010,ok,24
ckZffoGX6,1712055505010,ok,272
CnLVh0iSt7,1712055505010,ok,19
lPXRWd,1712055505010,ok,24
11Mc8NuZhm,1712055505010,ok,339
MPhJYIR,1712055505010,ok,504
UMOtGnMj,1712055505010,ok,331
N9Kefbi6Q,1712055505010,ok,606
1G6FKlsIP,1712055505010,ok,752
MaFAu5,1712055505010,ok,77
LqUq9,1712055505010,ok,446
phr2P,1712055505010,ok,48
epk5oD,1712055505010,ok,964
A0rwnQJ,1712055505010,ok,364
UdTam,1712055505010,ok,861
kgzCxF,1712055505010,ok,435
jLZFAYjO,1712055505010,ok,537
zH0Qe,1712055505010,ok,593
GUTGYqP4X,1712055505010,ok,836
Qw14bw,1712055505010,ok,972
e92tt0,1712055505010,ok,360
YJkPg,1712055505010,ok,444
DkcLy7,1712055505010,ok,936
jcjRd,1712055505010,ok,242
bhSipZmnup,1712055505010,ok,855
XnHYD98R9c,1712055505010,ok,350
oyXcfcS,1712055505010,ok,451
0dDt,1712055505010,ok,935
yXwwPxg0ZB,1712055505010,alarm,98
00kYjF,1712055505010,ok,305
zBrTLH,1712055505010,ok,665
VlMWoem,1712055505010,ok,256
cj8X,1712055505010,ok,880
VewZaMZX,1712055505010,alarm,463
myQgrNDCd,1712055505010,ok,659
b1OUx,1712055505010,ok,636
TcDWlt,1712055505010,ok,661
ccaDg6YK,1712055505010,ok,605
nx3utysm,1712055505010,ok,739
lDDFaSxpZm,1712055505010,ok,566
XH6QYgC8,1712055505010,ok,293
4arUMapFV,1712055505010,ok,500
M8ZX,1712055505010,ok,315
8IJ0qZiIJ,1712055505010,ok,748
IDD6,1712055505010,ok,237
7pCxx,1712055505010,ok,731
pBOI96RGrl,1712055505010,ok,623
fIVRlvLn,1712055505010,ok,881
UPBcZu,1712055505010,ok,986
zW9ey1Qd,1712055505010,ok,486
2uBx3iQ5,1712055505010,ok,221
t4ZuSO,1712055505010,ok,179
60aU,1712055505010,ok,540
8T98,1712055505010,alarm,998
ydFgU,1712055505010,ok,672
JGQ0FJmdt,1712055505010,ok,39
NrjL09ud,1712055505010,ok,555
gcVOwmOI6,1712055505010,ok,593
4ZlID3Yo,1712055505010,ok,778
XYXYPwv,1712055505010,ok,485
XNdyn,1712055505010,ok,892
iJqZ,1712055505010,alarm,654
IHNn,1712055505010,ok,211
D81gg,1712055505010,ok,130
SucW8W,1712055505010,ok,977
7qHk,1712055505010,ok,637
Fp0Kgk,1712055505010,alarm,670
J0Oxf,1712055505010,ok,196
rJlcu,1712055505010,ok,156
2dsQnHWv2,1712055505010,ok,314
2sGrs,1712055505010,ok,263
8vfV51,1712055505010,ok,31
gz3O7De,1712055505010,ok,534
oAZj1,1712055505010,alarm,510
vt5Fc6S,1712055505010,ok,372
OC6bfumRs,1712055505010,ok,721
w65FN6,1712055505010,ok,572
ARZenEt,1712055505010,ok,245
0lybZ,1712055505010,ok,985
Lafm017t,1712055505010,alarm,444
HuP04PTv6,1712055505010,ok,483
Vpfk940,1712055505010,ok,533
tvym,1712055505010,ok,839
MRvdpYM,1712055505010,ok,222
clBB,1712055505010,ok,24
JxXZ7xJV,1712055505010,ok,691
V2wd,1712055505010,ok,623
tx1wW,1712055505010,ok,929
YLDgAVkX2V,1712055505010,ok,835
KLlHQsoysw,1712055505010,alarm,111
oI0tfaFd,1712055505010,ok,936
oIp2MgFe2D,1712055505010,ok,309
adiR,1712055505010,ok,844
ue0m,1712055505010,ok,922
XpfXg,1712055505010,ok,62
A0kEj,1712055505010,ok,985
vcyEa,1712055505010,ok,300
4JEjmjb3mC,1712055505010,ok,983
APySd,1712055505010,ok,191
BUhx,1712055505010,ok,586
0nDZyg,1712055505010,ok,627
eKZ6,1712055505010,ok,787
Ovz9qvVvjJ,1712055505010,ok,396
H5zhA9Qs,1712055505010,alarm,95
B0rtqXzgJw,1712055505010,ok,509
VsStasaONT,1712055505010,ok,356
yezTwC1R,1712055505010,ok,36
wGjm2f4te,1712055505010,ok,319
oPfXXbI1dd,1712055505010,ok,986
6K8SCEy,1712055505010,ok,997
lNx2oe,1712055505010,ok,781
4sTSVz,1712055505010,ok,313
QibbbkDA,1712055505010,ok,506
1oC7fB,1712055505010,ok,60
Si73hYfW,1712055505010,ok,485
IU1DwM0x,1712055505010,ok,779
K64Yn1glel,1712055505010,ok,599
iNzfB,1712055505010,ok,880
tqCa,1712055505010,ok,770
pNO4T,1712055505010,ok,268
If2m0,1712055505010,ok,345
RdCHBKzQE,1712055505010,ok,769
oMNmqvjkS,1712055505010,ok,153
yfp9hP,1712055505010,ok,913
wFoXvPE,1712055505010,ok,951
qb4lFz,1712055505010,ok,478
qxM3LBC,1712055505010,ok,129
Btw6h4,1712055505010,ok,436
sdiWyiP9,1712055505010,ok,3
y2hAG,1712055505010,ok,272
wZNr,1712055505010,ok,118
41b05FEa,1712055505010,ok,339
HKLd,1712055505010,ok,735
OssYGTtv,1712055505010,ok,549
3b9go6T,1712055505010,ok,591
6pSJNjM0,1712055505010,ok,686
4lotQc,1712055505010,ok,998
nilw9S,1712055505010,ok,161
mfVnHWUJ2,1712055505010,ok,407
uhcE,1712055505010,alarm,274
VCfVRBy,1712055505010,ok,821
ztdqK0SwR,1712055505010,ok,254
JZKQFK,1712055505010,ok,282
34hAWLVAE,1712055505010,ok,240
rYKqU,1712055505010,alarm,310
rQdi9sC8,1712055505010,ok,857
4eL6dmhi,1712055505010,ok,492
3CTh2wEoHo,1712055505010,ok,766
d0uzc,1712055505010,ok,628
wvv3,1712055505010,ok,121
Xt9gy1t,1712055505010,ok,919
4vmcZrvNo4,1712055505010,ok,95
VWCdx,1712055505010,ok,150
144q234h0,1712055505010,alarm,564
1Jql2dG2xJ,1712055505010,ok,257
34yFFC,1712055505010,ok,71
7zW0RyTU,1712055505010,ok,863
vce1Eg6,1712055505010,ok,814
uiF549fVo2,1712055505010,ok,759
x4UR,1712055505010,ok,188
IDqTCO6E,1712055505010,ok,468
dA91neTC,1712055505010,ok,33
QNQrkq08,1712055505010,ok,422
69Hw5DG,1712055505010,ok,850
6gJveu,1712055505010,ok,571
LWxaI3kThb,1712055505010,ok,873
UyMCH,1712055505010,alarm,125
bJDoTMPJ0,1712055505010,ok,39
h68Q0,1712055505010,ok,639
fD9m,1712055505010,ok,457
VWWIaAA4,1712055505010,ok,111
NrMHiED,1712055505010,ok,433
2ZiRfvD,1712055505010,ok,375
yPo84Mp1,1712055505010,ok,523
8CZx9K,1712055505010,ok,270
bgeSkyqi7K,1712055505010,ok,878
MYYIQ,1712055505010,ok,499
2tlx4kX2,1712055505010,ok,637
Bdtb0,1712055505010,ok,286
EFUD,1712055505010,ok,395
Ovlow7nmqo,1712055505010,ok,160
ZJKa,1712055505010,ok,417
k2JATuGD,1712055505010,ok,417
j9pIIhS,1712055505010,ok,293
8RWdq89yR1,1712055505010,ok,246
4BoD8CCTK,1712055505010,ok,987
z8RGw,1712055505010,ok,747
vJIzka,1712055505010,ok,240
B8FXB,1712055505010,ok,28
SuYJDtEf,1712055505010,ok,910
uICxY,1712055505010,ok,199
GVhRaKmQ9,1712055505010,ok,514
mRnhLtYMVD,1712055505010,ok,721
zp5i,1712055505010,ok,595
MrVvQM,1712055505010,ok,604
mpOh,1712055505010,ok,825
vbiGl0OiO,1712055505010,alarm,401
Ay9kmu90X,1712055505010,ok,644
FPrTPXepX,1712055505010,alarm,28
qWe9NwVJt8,1712055505010,ok,85
IZTRpSMr2l,1712055505010,ok,923
BlF4V,1712055505010,ok,326
sZyiq034ia,1712055505010,ok,791
WKBL,1712055505010,ok,726
k4KI,1712055505010,ok,81
RZqIluIS,1712055505010,ok,832
Ua1gA7lw7,1712055505010,ok,566
vCaPX0,1712055505010,ok,694
daszZ8,1712055505010,ok,162
oyb3,1712055505010,ok,668
O27voFp,1712055505010,ok,38
ixnsTktPju,1712055505010,ok,260
SdOM89reSC,1712055505010,ok,435
LEEyQEK,1712055505010,ok,614
VRF487Q,1712055505010,alarm,788
ooW1duym,1712055505010,ok,663
zcBG6ZZ7K,1712055505010,ok,403